별점,리뷰내용
평점5,"출장 강의 및 부업과 기타 다용도로 사용하기 위해 서브로 서피스 프로에 첫 입문하였습니다.
제품에 대한 첫 인상은 상당히 귀엽고 이쁜 모양이라 서피스 프로가 어째서 명작인지 다시금 느끼게 해주더랍니다.

외관적으로는 흠 잡을 데 없이 만점을 주고 싶습니다. 특히 각진 느낌 없이 모서리를 둥글게 처리하여 여타 노트북과는 다른 앙증맞은 모습이 매력포인트입니다.

운동을 좀 하신 분들이라면 문제 없이 장시간 사용 가능할 정도라, 부담 여부에 관해선 개개인의 차이가 있겠으나 제 입장은 '호'였습니다.

그 외 킥스탠드 역시 부드럽게 움직여서 사용자가 편하게 , 타입커버와의 조합도 개인적으로는 .

기기 성능 면으로 들어가자면, 그 이전까지 쓰던 모델들이 라즈베리파이4나 라떼판다 같은 SBC 제품들이었기에, 서피스 프로와는 비교하기가 미안해지더군요. 이전 직장에서 사용하던 모델과는 퍼포먼스가 천지차이이기에 정확한 비교분석을 진행하기는 어려웠으나, 부드러운 움직임을 보였습니다.

다만 윈도우 11에 관한 부분은 평가하기 조금 힘들었습니다.
특히 32비트 실행은 가능하나 더 이상 32비트 관련 빌드가 어렵다는 점에 대해선 제가 속한 극히 일부 산업계 특성 때문에 발생하는 문제이기에 객관적으로 평가하기엔 조금 무리가 있었습니다만, 개인적으론 '불호'였습니다.

UI부분에서도 윈도우 11은 익숙지 않았기에 좋은 점수를 주기 어려웠습니다.
다만이러한 문제들은 순전히 운영체제의 문제이기에 제품에 관한 평가로 이어지는 것은 무리라 판단하여 만족도 평가에는 반영하지 않았습니다.

아무튼 그러한 평가들을 거쳐 제가 내린 결론은 ''이라는 점이었기에 마이크로소프트가 향후에도 이 시리즈를 계속 발전시키고 부족한 점을 개선시켜 나가며 명맥을 이어주길 바라고 있습니다. 좋은 제품을 만나게 해주셔서 다시 한 번 감사드리며, 향후에도 해당 시리즈의 끝없는 발전을 기원드리는 바입니다."
평점5,"노트북💻과 태블릿📱 2in1이 가능하다는 점과 완전 경량은 아니나 비슷한 성능의 노트북에 비해 가볍다는 점 2가지가 끌려서 구매했습니다
SSD 추가 확장이 안되어서 512GB를 사야하나 고민했는데 요샌 드라이브들도 많아서 256GB로 결정했습니다
받아서 전원 켜니 부팅 속도 빠르고 태블릿처럼 활용 시에도 윈도우OS로 사용이 가능해서 너무 좋습니다 받아서 전원 켜면 세팅과 동시에 업데이트가 진행이 되고 오피스 설정까지 마무리하면 한 10여분정도 걸리는 것 같습니다 어려운 건 없고 다음다음➡️ 누르면서 따라하면 됩니다
게임은 안해서 모르겠으나 디자인툴이나 여러 프로그램 동시에 돌려도 소음이 적어 무척 마음에 듭니다😚
다만 단점은 충전기가 무겁고 전원 충전 시 전류가 좀 흐른다는 것 (맥*처럼) 정도고 단자 확장 등이 필요한 경우 MS오피스 제품 액세서리를 별도 구매하는 것이 좋다는 점 (이것도 A사와 비슷하고 결국 돈💰이 많이 든다는 것😹) 입니다.
결론적으로 가격과 단점은 좀 있지만 개인적으로는 기능과 무게, 활용성 측면의 장점이 더 큰 것 같아 ,"
평점4,"기존에 서피스프로4 사용하던 유저입니다. 기존 것은 i5, 램4, 128 모델이었던지라 윈10만 사용가능했고 문서 작업 위주로 사용한 것이라 큰 불편함 없이 8년 정도 썼어요 이번 프로9은 evo칩이 장착되었기에 사양을 좀 더 높여서 구매한건데 윈11과 아주 찰떡이네요 태블릿처럼 움직임이 유연하고 빠르고 부드러워서 데스크탑을 돌리고 있다는 느낌이 안듭니다 오류 발생시에도 도움말의 AI진단과 자동 해결 부분은 상담사 연결도 필요없고 상시 가능하고 알아서 척척 처리해주니 너무 편리하고요 펜의 그립감은 떨어지지만 편의성은 더 좋아졌고요 그림 그릴게 아니라면 펜의 활용성은 상당히 좋습니다 윈10이 더 좋았던 점도 있지만 큰 장점은 아니었던지라 저처럼 윈11로 새로 넘어오시는 분들에게 거부감이 없을 것 같아요 무게는 뭐..요새 이 정도 사이즈에 이렇게 펜, 키보드까지 들고 다니려면..보통입니다 무게 중요하신 분들은 엘지 그램으로 사세요 선명한 소리가 나네요 가격만큼하는 서피스프로9입니다 다만 단점 한가지는 글자를 스크롤하며 읽을 때 잔상을 남기면서 스크롤이 되는데요 이건 기기의 ""결함""이 아니라 기기의 ""특성""인것 같아요 서피스 프로4 때와는 다른 방식으로 화면 패널을 만든 것 같은데.. 자세히 화면을 들여다보면 아주 미세한 마이크로 격자 형태가 보입니다 이걸로 읽기를 많이 하는 저는 눈이 상당히 피로해요 이건 프로4가 더 낫네요 이걸 보완하는 윈11 업데이트가 나오면 좋겠습니다 제품 자체는 양품의 정품으로 주말인데도 하루만에 빠르게 보내주셔서 좋았습니다"
평점5,"회사원으로 태블릿과 노트북 두개를 가지고 다녀야해서 고심끝에 서피스프로9구매 했는데 실물로 정말간지나고 가볍습니다 무엇보다 스피커 음질이 너무나도 좋고
지금가지고 있는 갤럭시탭s7fe 세컨드스크린으로
듀얼모니터로 사용도 할수있어서 활용도가 무척이나 좋고 배터리는 절약모드로 10시간넘게 사용했어요
물론 오피스주로 사용했구요 i7 16gb 126이라서
빠릿빠릿합니다 펜은 처음에 납작해서 불편한줄 아랐는데 지금가지고있는 갤탭 팬보다 훨신좋고 팬반응도 좋았습니다 다만 햅틱반응은 간혹안되는데 좀더 사용해봐야될듯 합니다
정말좋고 같이왔던
백라이트 기능도 있어서 야간에 유용하게 사용합니다
서피스시리즈 처음구매자로서 정말 오래사용할듯합니다 애지중지
화면보호필름과 후면필름 구매해서 부착했네요
정말 활용도면과 편리한 서피스 훗날 더기대가 되는
서피스 시리즈입니다 커피숍 간지탬 서피스프로9 입니다 보면볼수록 간지입니다 현 노트북중에 이보다 이쁜 노트북은 없을거에요
현재 개봉 후 천천히 서피스에 알아가고 있는중 입니다"
평점5,"구매확정까지 시간이 좀 걸렸는데, 일단 이 가격에 제가 구매할수 있었다는 점에 매우 만족합니다. 그래서 오히려 사용간 문제있는점이 없는지 확인하게 되더군요
140만원대가 된셈인데, 중고가로 구매하는 걸 고민하고 있었는데 마침 이벤트에 너무 반가웠습니다. 기획하신부분에 감사드립니다.
마침 오피스도 도착했구요. 제가 휴직중인데 직장에서 사용해보고 싶어서 계속 기다리고 있었고 정작 사용해보니 노트북에 가까운 태블릿이라는 점이었어요. 윈도우를 기반으로 하는 업무가 가장 유리했는데 태블릿으로 효과가 더해지니 제 입장에서는 다방면에 활용도가 높을거 같네요.
몇가지 쓰면서 맘에 걸린점은 터치키보드의 한글 작성가운데서 잠깐 에러가 있었고, 슬림펜 펜촉에 터치가 안됐던 점이 있었는데요.
한글 에러는 업데이트하고 입력기조정 등 하니까 사라졌고, 슬림펜은 충전자리에 놓고 다시쓰니 문제가 없어지긴했습니다.
다만...소소한 부분이 나중에 제품문제로 이어질까걱정되긴했네요.
결론적으로, 상품의 가치 대비 구매에는 제 목적에 맞는 기다리던 상품이 제게 와있어 기쁘네요. 리뷰에 진심을 담습니다."
평점5,"평소에는 가벼운 노트북과 같이 이용하다가 가끔 태블릿처럼 들고 펜으로 노트를 하거나 키보드를 분리하여 영상 감상용으로 세워 두거나 하는 등 편리하고 유용하게 사용하고 있습니다.

윈도우 노트북을 기본으로 하고 가끔 용도에 따라 키보드 없이 태블릿 처럼 사용할 수 있는 점도 좋았습니다. 펜으로 원노트/화이트보드 앱에서 필기할 때 감도가 좋고 영역 선택이나 지우개 등도 펜 버튼과 연동되어 사용성이 좋았습니다.

손을 올렸을 때의 느낌도 부드럽습니다. 키보드 터치감도 준수하여 일정 이상의 만족도를 줍니다. 기계식 키보드와는 다른 탄력있는 타건감입니다.

카페에서 사용할 때도 자신있게 꺼낼 수 있는 디자인으로 가끔 무슨 노트북이냐 질문 받는 것은 덤입니다. 이동용/외부작업/공부용 노트북으로 적절하다 생각됩니다."
평점5,"서피스를 구매할 때는 항상 힘이 좀 드네요..ㅠ
이게 정말 나에게 필요한 제품인가 라는 생각에 구매 목록에 넣어놨다가 다시 삭제했다가 하기를 몇 번을 반복하고 유튜브도 관련 영상을 몇 십개나 찾아보고 무엇보다도 노트북이 직장에 하나 집에 두개나 있어 구매를 꼭 해야하는 건가, 만일 구매를 한다면 어떤 용도로 써야 할까 라는 생각까지... 누가 봐도 구매의 이유가 타당하지 않은 건 사실이지만 이번 제품이 저번 세대에 비해 굉장히 좋게 나왔다는 여러 후기를 보고 생긴 제품에 대한 궁금증과 그래서 누군가는 돈ㅈㄹ한다고 하겠지만 무조건 써보기는 해야겠다 라는 생각으로 구매에 이르게 되었습니다. 사실 무조건 필요한 제품은 아니었기에 가격이 가장 큰 구매의 장벽이었는데 제가 구매한 날은 쿠폰까지 받아서 정말 합리적인 가격으로 구매할 수 있었습니다.
기존에 있는 제품은 삼성 노트북으로 펜 사용이 가능하고 삼백육십 도 회전이 가능한 제품 인데 그 제품들에 비해 작은 몸집 에도 불구하고 . 그리고 가벼운 노트북 중에선 깔끔해서 아마도 서피스를 다시 구매하게 되었나 봅니다. 물론 키보드에 이물질이 묻을까봐 조금 걱정이 되긴 하지만 예전 다른 서피스 제품을 구매했을 때도 큰 오염이 없었으니 잘 간수하면 괜찮을 거라 생각합니다.
서피스 3, 서피스고 1,2를 거쳐서 오래 오래 잘 썼으면 좋겠습니다."
평점5,"약 3개월정도사용하고 후기 남김니다. 가장 마음에 드는 부분은 3대2의 화면 비율입니다. 13인치로 화면이 작을수 있지만 3대2비율로 인터넷, 문서작업시 작다는 느낌이 생각보다 많이 들지 않고 쾌적하다는 느낌을 받았습니다. 모바일 5g 서피스프로9와 많은 고민하다 이제품 선택했는데 무선 연결이 생각보다 빠르고 테더링도 서피스프로에서 설정 후 서피스프로에서 직접 휴대전화로 테더링 연결을 할 수있어서 편리했습니다.

외부에서 간단한 문서작업및 원격데스톱으로 서버/데스크톱 컴퓨터 유지보수용으로 아이패드 나 갤럭시탭 구매를 많이 고민했었는데 결과적으로는 윈도우11 .
무게는 다른 패드류보다 비교하면 무거울순 있지만 실측 1,200g으로 키보드, 펜슬 포함 생각처럼 무겁지 않습니다. 이번에 사무실에서 주업무용으로 서비스랩탑 스튜디오를 추가 구매했는데 1,800g로 체감 무게가 상당했습니다.

그리고 서피스프로9는 키보드가 거의 필수로 여겨지긴 합니다. 어느정도 생산성을 위해서는 키보드는 같이 가지고 다녀야 할것 같고 . 업무특성상 펜슬은 거의 사용하지 않았습니다. 키보드 터치패드로도 충분히 사용이 가능하고 보니 제기준으로는 펜은 거의 사용하지 않았습니다.

있으며, 서피스랩탑스튜디오와 함께 계속해서 사용할 예정입니다."
평점2,"제품박스에 맞지 않는 큰 택배상자에 완충제 하나 없이 포장해서 보낸 것 치곤 상태는 괜찮네요.

근데 상단부분의 액정과 프레임 사이에 약간의 유격이 있고, 키보드는 접히는 부분에서 뽀드득 소리가 납니다.

키입력이나 펜 충전 기능, 기스여부는 없는데, 원래 이런건지 택배를 개떡같이 보내서 고장 난 건지 모르겠네요.

이전 서피스3 프로 이후로 다시 한번 서피스를 사용하게 되었는데 확실히 발전했네요. 배젤도 시원하고 . 3:2 비율은 어디에서도 찾아볼 수 없는 장점입니다. 근데 정가 200만원이 넘는 제품치곤 색재현율이 별로입니다. 물 빠진 것 같아요.

그리고 반사율이 좀 심합니다. 이전에는 별 신경 안 썼는데 맥북보다 이 화면을 보니 .

, 초기설정당시를 제외하곤 . 키감은 개인적으론 맥북보다 더 반발력 있는 게 .

. 이전에 둥글고 투박한 펜으로 오랫동안 사용하면 손가락 마디가 아팠는데, 좀 더 인체공학적으로 바뀌었다고 해야 할까요?

총평하자면, '139만원에 구매한 건 그래도 합리적 수준이다. 그리고 포장 개념 좀 챙기고 보내라'로 정리할 수 있겠습니다."
평점5,"서피스 프로 9
매우 만족합니다.
우선 빠른 배송 서비스에 좋았고,
여러번 문의 드려서 귀찮으실수도 있으셨을텐데
친절함에 감동했습니다 ^^
저는 사실 메인컴이 없습니다.
어찌보면 이제 서피스 프로 9 이 제 메인컴이네요
문서작업은 회사에서 많이 하는 편이고요,
주로 집에서는 간단하게 메일 확인이나
웹서핑 자주 하는 편 입니다
무게가 무거울 줄 알았는데 12.9패드 프로랑 비교했을 때 아주 미세하게 무거운 무게입니다
빠릿빠릿한 처리능력도 한 번 더 마소가 소비자 니즈와 노하우를 잘 접목해서 잘 만든 기기인 게 확실하게 느껴져요! . 아시죠 제스처 기능이 익숙해지면 얼마나 편한지요. ㅎ
이제 요 녀석이 제 메인컴이고
업무 효율도 향상될 거 같은 기분입니다.
!
끝으로 .. 앞으로도 더 많은 시리즈가 출시될 텐데

오늘부터 서피스 충성고객이 될 거 같습니다^^"
평점5,"행사가 크게 하여 마음먹고 주문했습니다.

먼저 이전 시리즈 대비 기능이 크게 향상되여 만족스럽고, 빠른 배송과 뽁뽁이의 안전한 포장도 좋았습니다. 열자마자 보이는 고급진 색상도 마음에 들었습니다.

사은품이 중간에 변경되어 부득이하게 반품하고 재구매를 하였는데요, ㅎㅎ
(트래블허브라면 당연 받아야죠!!)

일단 엄청 빠릿빠릿해져서 좋구요,
다만 발열은 예상대로 좀 있어요!
다기능으로 사용하기 .
출장이 잦은, .
오래오래 쓰길 바래야겠습니다!!"
평점5,"외근이나 출장이 잦아 휴대가 편리한 노트북을 찾다가 구매한게 서피스인데요! 서피스 프로4를 구매해서 약 5년 가까이 정말 잘 사용했습니다. 이번에 행사를 기회로 프로9을 구매하게 되었네요!

외근이나 출장이 잦고 워드나 한글 문서 편집이 많은 직장인이라면 윈도우 기반의 서피스가 최선의 선택인 것 같습니다! :)

회의 때 , 최신 기종은 키보드에 같이 수납이 되니 휴대성도 더 좋아졌네요!

그리고 이번엔 사양도 넉넉하게 CPU i7에 256GB . SSD는 사용하던지 해야겠네요! 그리고 ... 또 하나 깜짝 놀랐습니다!

무게는 노트북에 비하면 너무 가볍지만 ... 지금 보다 조금만 ~

앞으로 고장 없이 잘 사용했으면 좋겠습니다. :)"
평점5,"고민고민 끝에 구매한 '서피스 프로 9'... 매우 만족하며 잘 사용하고 있답니다. '할인할 때 놓치지말고 구매'하는 것으로 '추천'합니다.^^
개인적으로 사용해보면서 느꼈던 점들을 알려드릴께요.

<좋은점>
집과 사무실에서 업무용과 일상생활~그리고 웬만한 게임까지 시원하게 잘 돌아가네요^^
윈도우11이 기본 셋팅되어 있어 OS설치하는 번거로움도 없었습니다. . 이보(evo)인증?까지 받아서 그런지 최적화가 상당히 잘 되어 있다고 느껴지네요. .
거는 아실 것 같고~세련된 디자인은 덤이네요. 가벼워서 매일매일 가방에 넣고 . .
참고로, 저는 MS 아크마우스를 별도로 구매해서 들고 다니는데, 블루투스 바로연결해서 사용하는거라 이쁘고 ~
(다만, 주로 게임용으로 사용하실때는 다른 마우스가 좋으니 참고하세요. 블루투스 직접연결이라 그런지 버튼이 한개라 게임용으로 부적합해요.ㅋ)

<아쉬운 점>
가장 고민되던 부분이 가격이었어요.
제가 고사양은 아니지만 일반적인 게임은 돌아가는 노트북을 찾고 있었기때문에 i7 / 256G 사양을 구매했는데, 정가가 200만원이 훌쩍 넘길래 너무 부담되더라구요. 사실 동일 사양의 노트북은 서피스프로9 보다는 많이 저렴하죠?^^ 열심히 쇼핑몰을 뒤지던 중에 마소전문관에서 할인행사하길래 앞도뒤도 안돌아보고 바로 구매했답니다.
그리고, 제품에 동봉된 기본충전기가 접지가 안된 제품이라 그런지 충전중에 본체에 손갖다대면 전기흐르는 느낌이 나요.ㅠㅠ 그래도 키보드는 금속재질이 아니라 전혀 느껴지지 않는답니다. 민감한 분들은 별도의 PD충전기를 구매하시는게 좋을 것 같아요.

<현재 고민중인 부분은?>
집과 사무실을 오가며 사용하다보니, PD충전되는 보조배터리를 하나 구매해야 겠다는 생각이 드네요. 서피스를 너무 많이 사용하게 된다는 ㅋㅋ

이상 구매해서 3주가량? 사용해본 느낌이었습니다.
고사양의 게임/그래픽작업은 필요없고 웬만한 프로그램은 다 돌릴수 있는 노트북을 찾는 분들께 추천합니다. 단, 할인할때 구매하시는걸로~^^"
평점5,좋은 제품 정말 저렴하게 잘 샀습니다. 2014년에 산 레노보 X240s를 아직까지 사용하다가 더이상은 못 참겠어서 여러가지 대안을 살펴보고있었는데 때마침 가지고 싶었지만 비싸서 항상 아쉬워하던 Surface pro9이 저렴하게 나와 구매하였습니다. 구매히고 보니 역시 하드웨어 명가 마소 답게 아주 만족스러운 퀄리티를 보여주았네요. 앞으로는 악세사리 사는데 돈이 좀 나갈 것 같네요. 윈도우 노트북??(태블릿)으로는 최고인것 같습니다.
평점5,"드디어 한달을 사용하였네요.
서피스프로9 / 10점 만점에 8점을 주고 싶네요.
좋습니다.

기대 -실망-만족!
기대해서 샀지만 아이패드만큼 , 그리고 갤탭이나 .
그러나 지금은 상당히 .

왜냐하면?! . .
1. 저는 패드가 아닌 노트북이 필요했더라고요. 물론 꿩 먹고 알도 먹고자하는 욕심은 있었으나. . . 확실히 노특북이 필요했던 겁니다. 아님 다른걸 샀겠죠.
2. 실제 활용 가능한 앱이 마이크로소프트에서는 없지만, 쓰다보니 나름 대체 가능한 프로그램이 있어서 사용 중 입니다. 특히 마이크로소프트에서 기본적으로 생산하는 소프트웨어가 유용하더군요. 이전에 컴터에서는 잘 쓰지않던 원노트나 원드라이버, 글고 요즘 인터넷 bing이 챗GPT로 유명한데 그뿐 아니라 pdf같은 파일 보거나 수정하는데 유용해요. 글고 무엇보다 특히 윈도우11이 진짜 2n1 제품을 고려한 윈도우체제라는데서 .
3. 세번째는 갤북프로360과 비교될 것인데, 진짜 . 다소
무겁긴 해도 저같이 이동량이 많지 않다면 참 편하고 좋습니다. 물론 가방에 넣어다니면 무거운지도 잘 몰라요. 서피스는 패드처럼 본체만 따로 분리되어 사용하니 터치로 딱 딱 딱 ㅎ ! 글고 납작 펜이 의외로 또 굿입니다. 필기감이 손색없고요. 편의 기능이 삼성펜보다 훨 낫습니다.

예수님의 말씀처럼 제가 욕심을 부리지않았더라면 첨부터 만족했을 제품입니다

구매고려하시는 분들도
과욕하지 않으면 분명 만족할겁니다.

다만 패드처럼 화면 회전이 매끄럽지 못합니다.
프로그램 작동시 회전을 자주하면. . . ㅋ
작업중 끄짐 조심해야합니다.
이는 본사에서 꾸준한 업뎃이 필요한 부분인듯 싶네요 ㅎ"
평점5,"우선 배송이 빨라서 좋았어요.
그라파이트이지만 플래티넘의 잿빛 도시감성 느껴져서 다행이었습니다 감동ㅜ
사진상에는 그라파이트가 단순 검정처럼 보이지만 서피스 특유의 알루미늄 단면의 영롱함이 느껴져요.

디스플레이는 이전 서피스(서피스 고 사용)에서 못느꼈건 쨍함이라 너무 좋네요.

, 밝기에 따라 밝은 회색처럼 보이기도 해요.

한달 사용 후기로 돌아올게요~"
평점5,"이동성이 편하고 필기하기 편하고 다른 기기들과 호환성 좋은 태블릿 찾았어요!다음날 낮에 받는 초고속 배달임. 오래 안기다려서 햅삐

원래 2in1 노트북 썼는데 필기할때 키보드를 뒤집어서 쓰는게 너무 불편하고 신경 쓰였는데
서피스프로는 필기할때 키보드 때고, 작업할때 붙이니 넘 편해요.

아이패.드 운영체제는 애.플아닌 기기와 호환이 불편했는데
서피스는 노트북이라 걱정할 필요도 없고 생산성 굿이요

. 펜 자체를 살짝 마찰있게 만들어서 . 그래서 종이질감 필름 필요 없어요. 붙였다 바로 땠으니 참고하세요 ㅠ(헛돈 소비는 저만 하길)

서피스프로 최고👍"
평점5,"■ 서피스 프로9 구매후기
일단 주식을 하시는 분들에게 꼭 강추드립니다. 저는 기존 데스크탑과 갤북360을 사용하고 있었습니다. 하지만 누어서 탭처럼 쓰고 싶다는 욕구가 무척이나 강했고, 일주일 동안 고민하다가 구매하였습니다.

장점 : 무엇보다 편의성과 활용도 입니다. 무게가 노트북의 2/3으로 눕어서 영상 시청 또는 글을 읽기 좋고 간편하게 직장이나 카페에 들고 다닙니다.
또, 탭과 달리 윈도우 기반으로 HTS를 활용할 수 있다는 점과 필기하는 느낌이 흡사 공책에 직접 적는 느낌입니다.(보호필름 종이재질 부착) 그리고 오피스 툴을 많이 사용하는 저로써 원드라이브 및 노트 등 죄다 . 짱짱!!

한 가지 추천 드리는 사항은 꼭 보호필름 구매해서 붙이세요. 사고 다음날 야외에서 사용 중 한번 떨어트렸는데ㅎㅎ 다행이 외부표면이랑 보호필름에 기스가 나서.. 꼭 사서 붙이세요.

구매를 고민하시는 분들이 있으시면, 확실히 돈값하니까 고민마시고 ."
평점5,"이제 갬성은 MS

S사 노트북을 사용한 지 어느덧 12년째.. 살려달라고 하기에 어떤 걸 살까 고민하던 중 서피스 프로 9이 눈에 들어왔고 직접 두 눈으로 보고 두 손으로 만지고 온 몸으로 느끼고 싶어 MS 오프라인 매장을 찾아가 보니 할인에 상품권 증정까지 하고 있던 찰나, 온라인 공식몰에서 더 엄청난 할인 혜택이 있기에 바로 질러버렸어요 ㅎㅎ

터치 반응도 좋고 아무런 불편함을 못 느끼네요
다들 빨리 구매하세요 고민은 배송만 늦출뿐!!!"
평점5,"한달 사용했는데 만족합니다. 사실 문서작업, 웹서핑, 메신저 사용, 줌 사용 등 사용하는 용도가 단순하고 저는 한정적인 편이라 딱 좋았어요. 노트북 보다는 가벼워서 들고다니기 좋았고 휴대성이 좋은 게 무엇보다 마음에 들었습니다. 카페 갈 때 노트북 들고다니는 건 조금 부담스러웠는데, 서피스프로는 그렇게 가벼운 건 아니지만 그래도 크기나 무게 이런게 파우치나 에코백 같은 곳에 넣고다니며 쓰기엔 노트북보다는 좋았던 것 같아요. 휴대성이 좋은 게 일단 제일 맘에 들었구요. 태블릿처럼 사용할 수 있는 것도 저는 좋았어요. 가끔 영상 보거나, 영상 만들거나 할때도 터치가 되는게 좋더라구요. 터치 되는 건 검색용으로 사용할때도 편리하고 좋았던 것 같아요. 영상 볼때 태블릿보다는 서피스프로 화면이 좀 더 커서 보기 편한 면도 있었던 것 같구요.
게임도 하고, 노트북으로 크게 대단한걸 하지않고 저처럼 평범하게 사용하시는 분들은 잘 맞을 것 같습니다."
평점5,"서피스프로8이 할인을 많이하고 서피스프로9 5g모델하고 고민을 많이 하다가 할인을 많이 하고 있다보니 이모델을 구입했습니다. 업무용으로 구매했고 외부에서 사용하기 편할 것 같아서 구매했는데 너무 마음에 듦니다.
아이패드 프로도 사용하다 팔았는데 윈도우운영체제 위주 사용자라면 괜찮은 선택지라 말씀드릴 수 있을 것 같습니다.
evo인증이 이렇게 편한 줄 써보니 알겠네요."
평점5,"생각하는거보다 성능이 좋아요.
제가 건축쪽 계열에 일을해서 사용하는 프로그램들이 다소 작업하는데 무리가 있을거라 생각했는데 많이 무겁지만 않다면 무리없이 잘 돌아갑니다.

1.스케치업 - 모델링을 하는덴 무리가 있을 수 있지만 작업이 다 된 작업물을 열어보고 확인 가능하며, 수정 할 부분이 있다면 간단하게 수정이 가능할거같습니다.

2.인디자인 및 포토샵 열람 및 간단한 수정가능( 파일이 작업자에 따라 용량이 천차만별이라 저장을 자주하며 램에 무리만안가면 충분합니다.)

3.캐드 캐드는 무리없이 사용가능합니다!

4.다들 필기하는데 좀 불편하다 했지만 어도비 아크로벳에 바로 전 불편한 문제는 없어요 :) 아이패드도 있는데 필기감은 아이패드에도 안꿀리는 필기감입니다.

5.확실히 인텔 CPU라서 베터리 러닝타임이 짧습니다... ㅠㅠ

다른 인터넷이나 블로그, 카페에선 이런 프로그램 관련한 리뷰가 부족해서 사면서 이번에 마이크로소프트에서 60일 프리리턴 이벤트가 있어서 이기회에 미루다 결심했는데 후회없습니다!ㅎㅎ"
평점5,"라이브 사전예약날 주문하고 제품을 받기까지 오래 걸려서 힘들었지만, 제품을 배송 받고 난 후 서피스프로9라는 제품의 황홀함에 신기하게도 너무 좋았습니다.
저는 원래 애플(IOS) 생태계 사용자였지만 갑자기 저도 모르는사이에 서피스병에 걸려서 제품을 구매하게되었습니다. 후회할까 고민도 많이 했지만 그런 고민은 아예 필요없던거라고 자신있게 말할 수 있습니다. 외관은 기본적으로 너무 아름다운 디자인과함께 날렵하지만 매끈한 느낌까지줘서 너무 고급스럽습니다. 또한 때로는 태블릿으로 때로는 노트북으로 사용이 가능하고 대부분 부착식 키보드의 단점인 키보드 아쉬움이 단 1도 느껴지지 않았습니다. 키보드 키캡의 높이도 적당하고 일반 일체형 노트북들보다도 좋은 키보드감을 주었습니다. 서피스펜2도 너무 휼륭했으며 필압의 섬세함까지 어느 한 부분의 아쉬움도 용납하지않는 마소의 완벽주의에 그지없이 감탄만 나올 뿐 입니다. 서피스펜2의 무게도 가볍고 충전기또한 너무 가벼워서 들고 생각이 듭니다. 지금 구매를 망설이는분들께 제가 드리고 싶은 말은 “고민은 배송만 늦출 뿐..”입니다. ^.^ 따봉~!"
평점5,"12세대 인텔 코어 i7 프로세서가 탑재된 마이크로소프트 서피스 프로 9을 살펴봤습니다. 직장인이나 대학생에게 추천할 만한 노트북으로, 작지도 크지도 않은 13인치의 화면에서, 쉽고 간단하게 콘텐츠를 활용할 수 있었는데요. 하이브리드형 P코어와 E코어의 빅-리틀 코어가, 멀티 코어로, 내장 그래픽을 필요로 하는 간단한 편집 작업이나, 재택근무 및 영상 시청 환경 등 다양한 활용성에 초점을 맞춘 모델이었습니다. 가벼운 업무가 주를 이루는 대학생이나 직장인이라면, 사용과 휴대가 편리한 마이크로소프트 노트북을 추천드립니다."
평점5,"작년 출시했을때 할인가로 구매 못해서 후회하고 있었는데 이번에 학생할인 받아서 저렴한 가격에 구매했습니다! i5가격으로 i7 제품 살 수 있어서 너무 좋아요!! 아쉬운건 색상 선택이 없는거 뿐이네요 ㅠㅠㅠ 그래도 받자마자 감탄 나오는 자태였습니다..
개봉 후 처음 느낀건 역시 2in1은 서피스를 따라올 사람이 없네요 ㅠㅠ 후기 찾아봤을때 버벅거림이 있다고 해서 걱정했는데 아직까지는 크게 불편사항을 못느낄 정도에요
게임도 돌아갈수 있다고 하는데 하는 게임이 없어서 이건 아직 확인 못해봤습니다..
15인치 lg노트북 사용하다가 너무 크고 무거워서 13인치로 바꾼건데도 화면이 시원시원 하네요!!
무게도 키보드를 포함해도 들고다니기 괜찮을 정도에요!!
타자감도 좋아서
갤탭도 사용하는데 안드로이드가 아닌 윈도우 필요해서 구매한건데 태블릿이랑 차이도 못느낄 정도로 !
ssd도 교체가능하다고 하니까 사용하다가 부족하면 한번 교체도 도전해봐야겠습니다!!!!
컴퓨터 전문가가 아니라서 열심히 후기 찾아보고 고민해서 구매했는데 역시 고민은 배송만 늦어질뿐이였습니다.. 현재 만족도 100%에요!!"
평점5,일단 서피스 프로9 자체가 업무 생산성이 너무 좋네요. 갤탭 울트라 갤북360 다들고 있는데 문서작업이 많고 필기작업이 많은 저에게는 서피스가 많이 유용하네요. 무게도 적절합니다. 무엇보다도 마소 계정으로 연결만 되어 있다면 기존 노트북 설정을 불러들여 자동으로세팅해주던데 이 부분이 정말 크게 마음에 들었습니다. 다만 불만이라면 화면비... 이지만 해상도가 좋은만큼 그걸 커버해줍니다. 외관상 케이스는 필수로 보여 케이스부터 질러야 하네요. 기스나면 눈에 너무 띄일것같아 걱정입니다 ㅎㅎ...
평점5,"저와 누나는 이미 예전에 구매해서 만족하며 쓰고 있고 어버이날을 맞아 어머니께 선물해드리려고 구매했습니다. 어머니께서 쇼핑몰을 운영중이신데, 윈도우즈에서만 돌아가는 특정프로그램을 쓰셔야 되기도 하고 겸사겸사 태블릿으로 활용하시라고 선물을 드렸습니다.
윈도우 운영체제가 구동되는 태블릿 PC중에 최고의 제품입니다. 시그니처 키보드와 슬림펜2에 오피스365 1년치까지 이 가격으로 할인해서 판매하니 구매를 안할 이유가 없네요. 저는 이 모델 사용하다가 다음 최신모델 나오면 바로 또 바꿀겁니다. 윈도우즈 구동되는 태블릿중에 제일 편합니다."
평점5,안녕하세요 빠른 배송 감사합니다. 구매한지 하루만에 배송이 와서 윈도우 업데이트까지 진행하였습니다. 시간을 두고 사용해 봐야 알겠지만 가볍고 디자이도 예뻐서 좋네요 ㅎㅎ 그런데 윈도우 업데이트 중 글자가 깨져 나오는 거는 윈도우 11 문제인거죠....... 눈에 좀 거슬리네요. 좋은 제품 감사합니다. 많이 판매하세뇨.
평점4,"큰 맘먹고 비싼 제품을 오랜만에 구매해 봅니다.
할인을 많이 받아 기분도 좋구요.ㅎㅎ
저는 키보드를 아이스블루를 구매했는데, 색이 정말 맘에 들어요~
다만...
2n1 제품에 대해 기대가 너무 너무 컸나 봅니다 ㅎㅎㅎ
꿩먹고 알먹고는 아니네요ㅠ
'딱 '가 맞는 말입니다.(물론 서피스에서 과대 광고를 한 것은 아닙니다. 제가 오해 한 거죠.)
저는 아이패드도 있고 갤탭도 있는데...
이 둘을 사용했던 것을 기준으로 서피스 구매한다면, 휴대성과 편의성에 있어서 실망을 할 수 있습니다. 무엇보다 마이크로소프트의 '앱'은 절대 앱스토어나 안드로이드를 따라올 수 없습니다. (차후 안드로이드를 쓸 수 있다하던데, 그때가 온다면 ㅎㅎ, 그러나 아직은 아니죠)
그렇기 때문에 윈도우 제품인 서피스를 패드나 갤탭처럼 사용하려 한다면 구매에 대해 매우 고려하여 사여야 할 겁니다.
물론 서피스를 노트북이라 생각하고 구매하시고 쓰신다면, . 왜냐? 노트북이니까요 ㅎㅎㅎ
물론 2n1 중에서 갤럭시 북 프로 360 과 본 제품을 비교하신다면, 단연 서피스가 좋습니다. 구조적으로 갤북 보다는 더욱 2n1에 적합하게 만들어 졌기 때문입니다.
사실 일주일 전에 사무실에서 얼마전 갤북 프로2 360을 구매하여 그걸 써 보고, 아 이건 아니다 싶어 서피스를 구매한 겁니다. 갤북에서 광고하듯 갤북은 그림을 그리는 사람에게만 필요한??? 서피스는 갤북보다 휴대성이 더욱 뛰어 납니다.
그러나 갤북을 고려하시는 분들은 아시겠으나, 사은품을 어마어마하게 주죠.... 그에 비해 서피스는 사은품 가난뱅이 입니다. 그리고 북3 360가격이 서피스보다 비싸지만 사은품을 고려하면 비슷하거나 갤북이 쌉니다. 이 또한 구매에 고려대상이죠.
그러나 2n1을 사는 이유는 휴대성이나 편의성 같은 건데... 갤북은 서피스보다 더더덛 그냥 노트북이라는 사실을 알아야 합니다.
적다보니 서피스를 까는 것 같지만, 기대만큼 실망이 커서입니다 ㅠㅠㅠ
그러나 서피스는 나름의 장점이 있을 겁니다. 아직 사용한지 이틀 정도니... 한달 리뷰가 되면 뭔가 2n1의 장점을 알아보겠지요.
현재는 생김새에 , 노트북이 생겼음에 . 아아~ 갤북에 비해 서피스가 나은 점은 , 또 .
앞으로 서피스 노트북을 잘 사용하려 합니다. 비싼 돈 주고 샀으니까요 ㅎ"
평점5,"출시한지 얼마 안된걸로 알고 있습니다. 마이크로소프트 서피스 프로 라인업에 여러 제품들 말입니다. 그 중 오늘 만나본 제품은 서피스 프로 9 제품으로 2in1 태블릿 노트북 제품입니다. 요즘은 비즈니스 노트북으로도 회사에서 많이들 사용하는걸로 알고 있습니다. 대학생 노트북이라고 하기에는 성능과 가격이 많이 올라간듯한 느낌입니다. 일반 작업용으로도 사용 가능할 정도니까요. 12세대 인텔 코어 i7 탑재에다가 16GB RAM이 들어간 제품을 만나보게 되었습니다. 하지만, 오늘은 개봉만 할 겁니다. 사용기는 충분히 사용해보고 또 올리도록 하겠습니다. 커밍 쑤~~~~~~~ㄴ

일반 개봉기는 아래 링크 참조하세요.
https://blog.naver.com/kyyoung92/222939292234"
평점5,"5주동안 사용하면서 느낀점을 말씀드리겠습니다.

1. 휴대성이 매우 높아서 카페 등 외부에서 사용하기 좋습니다. 특히, 충전된 상태라면 마우스, 충전기 등 전부 다 필요없이 본체+키보드만 들고다니면 됩니다. 그래서 저는 에코백에 넣어서 자주 들고다닙니다.

2. 조용한 공간에서도 사용해봤는데, 게임을 돌리지 않는 , 마우스를 사용하지 않기 때문에 딸각 소리도 나지 않습니다. 저처럼 리프레시가 필요한 곳에서 작업을 해야할 분들이라면, !

3. . 보통 멀티태스킹을 할 때, 마우스로 화면 크기를 조절했었는데, . 아주 편하고 좋습니다.

4. . 설치 가능한 프로그램의 한계가 없기 때문에, PC에서 사용하던 경험을 태블릿의 느낌으로 전부 느낄 수 있어서 좋았습니다.

5. 단점도 있습니다. 지금까지 2번정도 터치펜과 스크린이 충돌하는 현상을 겪었습니다. 이때, 터치펜을 1~. 이것말고는 불편한점을 못느꼈습니다."
평점5,"며칠 사용해보니 '윈도우노트북+태블릿'을 하나의 제품으로 대체할 수 있어서 좋았습니다.
또한 휴대하기 편하고, 성능도 무난해서 만족스럽네요.
참고로 동일 스펙에 i5인 제품도 써보았는데요,
i7 제품이 확실히 쾌적하네요.
(크롬으로 인터넷, 한글 문서작업, drawboard pdf 필기 위주로 사용)
다만, i5 제품때와는 다르게 i7제품은 클린설치를 하였는데요, 이로 인해 더 쾌적한 것인지 모르겠네요.
사실 i5 제품은 작동은 잘 되었으나 뭔가 조금씩 버벅거림이 느껴졌었어요.
발열 관련해서 i7
제가 사용하는 패턴상 i5와 발열적으로 별 차이가 없네요.
앞으로 잔 고장만 없다면 정말 좋은 제품이라고 생각되는데, 혹여나 수리받을 일이 생길 때는 as가 걱정되긴 합니다."
평점5,"좌측은 업무용으로 쓰고 있는 xps 13 plus입니다. 서피스 프로 9 키보드(우측)까지 달면 크기는 비슷합니다.
xps 13 plus의 cpu가 1260p 라 더 좋긴 한데 발열이 심해 손이 잘 안갑니다. 조금만 쓰다보면 불가마처럼 뜨거워지며 미친듯이 팬이 돌아갑니다. 그에 반해 서피스 프로 9는 저전력 cpu라 발열이 적고 훨씬 정숙하며 배터리 성능이 월등합니다. 성능적인 면에선 아주 무거운 작업이 아닌 이상 그다지 차이를 느끼지 못합니다. 그런 무거운 작업은 데스크탑에서 하세요. 뭣하러 노트북으로 그런 작업을 하나요.
xps 13 plus 도 터치가 되는 모델이지만 서피스에 비할 바가 못 됩니다. 펜의 유무는 활용도면에서 엄청난 차이가 납니다. 키보드의 키감도 서피스가 훨씬 낫습니다. 특히 xps 의 망할 놈의 터치 키들은 쓸데마다 부아가 치밉니다.
xps는 usb-c가 단 2개밖인데, 하나는 필시 전원 꽂아야 합니다. 서피스는 usb-c와 별도로 전원포트가 준비되어 있어 훨씬 여유가 있습니다. 물론 usb 허브를 쓰면 되지만 그만큼 들고 다니는 짐이 무거워집니다. 서피스의 usb-c포트도 전원 공급이 가능하니 pd . 기본 충전기는 집에 두고 바깥에선 65w pd 충전기를 사용하고 있습니다.

구매 전, 회사에서 사 준 xps 13 이 있는데 내 돈 주고 또 서피스 프로 9를 사야하나 고민도 많았습니다. 하지만 있습니다."
평점5,"퀵배송도 아니고, 주문한지 12시간만에 배송오는 빠른 배송 아주 칭찬합니다.
타사의 안드로이드 기반의 태블릿등도 분명 장점이 있지만, 서피스는 윈도우 기반의 프로그램을 프로그램을 돌릴 수 있는 것이 매우 큰 장점이라 생각합니다.
특히 회사의 업무용 프로그램의 경우 윈도우에서만 작동하는 프로그램들이 많아서 태블릿이 있어도 노트북만 쓰게되었었는데 이제 서피스를 쓰니 쉽게 해결이 되네요.
성능도 만족스럽습니다.
개인적으로는 ."
평점5,"Excel, PowerPoint, Word 등 사용해야하는 비즈니스 툴은 다 윈도우에 최적화 되어있어서 이 제품을 구매하게 되었습니다.
업무상 쓰는 프로그램이 윈도우에서만 돌아가서, 태블릿 겸용으로는 이제품 말고 대안이 없습니다. 물론 최신형 안드로이드 태블릿도 가지고 있습니다. 하지만 노트북도 함께 들고 다녀야 해서 무겁고 번거로웠는데
이 제품 하나만 들고 다니니 모든 번뇌와 괴로움이 사라진것처럼 간편해졌네요.
노트북이나 태블릿에 최적화된 개별 제품들 보다는 각각의 성능이 밀릴수도 있으나, 두루두루 사용되는 멀티플레이어로는 더욱 뛰어나다고 생각됩니다."
평점5,"디스플레이는 상당히 밝고 색정확도도 높아서 좋습니다. DCI-P3색역은 지원하지 않는 점은 아쉽고, 반사방지코팅은 없네요. 밝은빛이 비칠때 화면을 가까이서 자세히보면 펜슬인식용 배선인지 다이아몬드패턴이 눈에띄고, 흰색화면에서는 지문방지필름마냥 자글거림이 보이긴 해요. 적당한 거리에선 보이지 않습니다. 조금 서피스 섀시는 상당히 단단한감이 느껴져서 좋습니다.
펜의 반응속도는 빠르지만 윈도우 특유의 잔렉이 느껴져서 아이패드의 필기감보다는 떨어지는거 같아요. 그리고 원노트에 단순 필기만 해도 기기전체가 뜨끈뜨끈하고 팬소음이 장난아닌게 조용한 환경에서는 쓰기 민망해질정도네요.
안좋은말만 써놓은거 같지만 써보면 잘만든 기기라는점은 확실히 느껴집니다.
. 무겁기도하고 얇은 판을 공중에 띄워놓은지라 낭창거리는 느낌이 들어요."
평점5,"삼성 700T를 오래 쓰다가 이제 더는 버틸 수 없는 성능 때문에 가장 비슷한 유형인 서피스9로 왔다.
최신작이니 기대를 많이 했는데 성능적인 면에서는 만족스럽지만 무게는 많이 무겁게 느껴진다.
2인치나 큰 액정을 달고 있으니 당연하겠지만 700T가 나온 연도를 생각하면 좀 아쉬운 생각이 든다.
최근까지 700T를 쓰다 보니 아무래도 비교할 수 밖에 없는데 700T를 쓰는 가장 큰 이유는 세로 모드로 쓰는 편의성 때문이다. 워드 작업할 때는 모니터가 세로인 것이 가장 편한데 이렇게 쓸 노트북이 이제는 거의 존재하지 않다. 서피스9를 산 것도 사실 이런 편의성을 원해서였다. 그런데 키보드와 펜 번들 버전을 싸게 산 덕에 고민이 더해졌다. 700T 역시 펜 가능 모델이었으나 당시 편의성이 태블릿만 하지 못했으니 좀 더 좋은 느낌이 들었으나 충전을 해야 한다는 단점이 크게 느껴졌고, 키보드는 원래 블루투스 키보드를 따로 썼지만 번들로 온 키보드도 있으니 나름 만족했으나 세로 모드일 때는 번들 키보드를 쓸 쓸 수 없다. 번들 키보드가 액정 보호 역할을 하다보니 잘못하면 키보드를 두 개 가지고 다닐 판이다. 또 세우는 것 역시 세로모드일 때는 각도가 딱 하나 뿐이고...
세로 모드는 전혀 염두에 두지 않은 제품이라고 할 수있다.
또 하나 눈에 뛰는 단점은 화면 회전이다. 영상보다는 컴으로 책을 읽는 것을 즐겨 하는데 가로 모드일 때는 문제가 없으나 세로로 전환했을 때는 설정에서 회전 금지를 설정하지 않는 한 조그만 각도가 움직여도 가로 세로로 자동 회전이 된다. 침대에 누워 뒤척거리며 책을 읽을 때는 아주 쥐약이다. 700T의 경우에는 회전 잠금 버튼이 외부에 나와 있어서 이 점은 아주 편리했다. 하지만 지금은 책을 읽을 때는 구태여 설정에 들어가 잠금을 하고 다른 가로 작업을 할 때는 또 설정에 들어가 잠금 해제를 해야 한다. 이건 좀 짜증 나는 일이다.
일단 이것을 제외하고는 모든 것이 .
때문이다. 워드는 그렇다 해도 그래픽 작업에서의 성능 차이는 정말 크다. 700T에서 진작에 다른 컴으로 넘어왔을 텐데... 그렇다하더라도 느껴지는 차이는 상당하다.
그러고 보면 참 오랜 시간 나와 함께 버텨온 700T는 참 명기였구나 생각이 든다. 물론 삼성의 최대 장점인 AS도 한 몫 했고(이제는 부품이 없어 더는 AS가 안 된다.).
이번에 구매한 서피스9 역시 나와 오랜 시간을 보낼 예정이다. 더 이상 버티지 못하고 다른 녀석을 들여올 때 그때 역시 서피스9와 비교하며 하 이 녀셕 정말 명기였구나 그런 생각이 드는 제품이었으면 한다."
평점5,"한달간 매일매일 들고다니면서 사용한 후기입니다!!!
갤럭시 탭을 들고다니면서 사용했었는데 서비스프로 사면서 탭 처분후 서피스북을 들고 다녔습니다! 인치는 탭보다 커졌는데 가벼워서 탭을 들고다니나 서피스북을 들고다니나 별로 차이 없었습니다~
사용할때 제일 걱정했던 부분은 배터리였는데 게임은 안해봐서 모르겠는데 사용전에 충전해 두고 카페가서 문서 작업하고 동영상 재생했을때 충전없이 5시간까지는 계속 사용 가능했습니다~ 그리고 충전기도 작아서 들고다닐때 큰 부피를 차지하지 않아서 좋았어요!
.. 원래 키보드를 따로 가지고 다닐정도였는데 서피스는 의외로 불편하지 않아서 잘 사용하고있습니다! 근데 커버가 부직포?재질이라고 할까요? 먼지가 잘 붙는게 단점이라 이것만 바뀌면 ㅠ
아 한가지 아쉬운점은 학교에서도 쓰는데 아직 윈도우에 pdf에 글을 쓸 수 있는 프로그램이 쓸만한게 없어서.. 제가 그림을 그리는건 아니라.. 봤습니다.. 이건 서피스에 문제는 아니지만요..
그리고 한가지 팁을 드리자면 저는 서피스공식 일반 보호필름을 샀는데 펜으로 쓰거나 터치할때 손자국이.... .."
평점5,"서피스 프로9...

너무나도 세련된 디자인과 실용성으로 가득찬 훌륭한 13인치 태블릿PC 라고 할 수 있을 것 같아요..

탈착이 가능한 알칸타라 소재의 케이스형 키보드와 슬림펜까지 쏙 보관할 수 있는 공간까지...

심지어 알록달록 커스텀 가능하게 색깔도 예쁘게 나와서 그 중에 포레스트로 골랐지만

저의 생산성을 듬뿍 올려줄 서피스 놓치지 않얼게요"
평점5,"사용 기반이 윈도우다보니 별다른 어려움없이 모든 파일에 접근이 용이하고, 다른 장비들과 연결도 잘 됩니다. 생각보다 필기하는 용도로 많이 쓰고 있는데 같이 사용하는 펜 인식률, 필기감도 상당히 좋습니다.
태블릿과 노트북의 기능을 모두 사용할 수 있는 점이 가장 유용합니다. 태블릿, 노트북 둘 다 가지고 다니는 걸 생각하면 무게적으로도 상당히 이득이구요. 사용하고 있으면 주변 사람들이 정말 신기하게 보고, 더 좋다고 말하는 제품입니다ㅎㅎ
앞으로도 잘 사용하겠습니다. 좋은 가격에 좋은 제품 구매할 수 있어서 너무 감사합니다."
평점5,"윈도우에 사이즈도 딱이라 만족하며 사용하고있습니다. 사람들이 예쁘다고 하더라고요. 원래 보조용으로 구매한건데, 자꾸 서피스를 찾게되네요. 다른 후기처럼 발열이 좀 있고 배터리 지속시간이 생각보다 짧긴한데 장점이 많아서 만족합니다. 보호필름도 구매해서 부착해놨는데 밀착력이 좋아서인지 부착한지 잘 모르더라구요. 펜이용도 자주해서 보호필름 부착 필수입니다~"
평점5,"어제 일요일인데도 갑자기 발송 시작 안내되었기에 설마했는데 오늘 오전에 도착했네요. 우선 살짝 언박싱하고 제품외관 검수해서 마소 전용래더파우치에 넣어뒀습니다.
퇴근해서 윈도상 하드웨어 검토하고 이상없으면 보호필름 전후면 부착하면 되겠네요."
평점5,"서피스 프로9 구매한지 벌써 한 달이 지났네요 :)

서피스 프로4로 서피스를 처음 접하고 일상 용도 외에도 지방, 해외 출장 때의 높은 편의성 때문에 이번에 서피스 9을 재구매하게 되었는데요!

제가 일하는 직종이 문서 작업이 많은 직종이라 HWP 파일 DOC, PPT 등 MS 기반의 문서작업 프로그램을 많이 사용해야 하는데요 .. 윈도우 기반의 2in1 PC는 단연 .

그리고 회의 때 서피스 펜으로 간단한 메모 ! 특히, 예전에 펜을 별도로 들고 다녀야 해서 불편했는데 슬림팬 덕분에 보기에도 깔끔하고 편하게 .

이제까진 장점만 적었는데요 .. 약간 아쉬운 점은
발열은 제법 있는 편이고 배터리 시간은 아이패드와 같은 테블릿에 비하면 아쉽습니다. 영상 또는 문서를 읽는 용도라면 패드류가 더 적당할지도 모르겠습니다.

저는 노트북을 대신하면서 태블릿 기능이 있는 제품이 필요한 상황이라 서피스가 제일 :)

확장성은 사진에 보이는 멀티 허브 하나 챙겨 다니면 든든합니다! ㅋㅋ"
평점5,"좋네요. 특가로 잘 샀어요!^^
왜 서피스, 서피스 하는지 알겠네요. 군말 필요 없이 윈도우 PC구매를 원하시는 분 중에 빠릿빠릿 잘 돌아가고, 휴대성 좋고, 베터리 오래가고, 터치되고, 무엇보다 간지나는 노트북 원하시면 이겁니다!

믿고 지르세요~!!^^"
평점5,"전반적으로 보았을 때, 나름 가볍고 깔끔해보여 괜찮은 것 같아요. 발열도 적은 편인 것 같고요.
사용하는데 적응 기간이 조금 필요할 것 같아요.
몸체가 알루미늄이다 보니 충전할 때 만지면 전류 흐르는 느낌이 있어서 조금 아쉬워요.
나머지는 좀 더 사용해봐야지 알 것 같아요. :)

제품이 뽁뽁이에 3-4번 정도 둘러져있긴 하지만, 워낙 큰 박스에 담겨서 오다보니 전달 과정에서 파손이 발생할수도 있을 것 같아요."
평점5,"현재 일주일내낸 사용하고 있는 유저입니다.
배송은 주문후 담날로 바로 배송되었는데 포장을 어찌나 신경쓰셔서 보내주셨는지~~안전하게 잘 받았습니다. 역시 아무리 가격이 부담되긴하더라도 믿고 구매한 저 자신이 키특하기만 합니다^^ㅎㅎ
필름은 앞면은 쉬운편인데 뒷면은 로고에 음각이 되어 있어서 헤어드라이기를 사용해서 부착하면 쉽고 깔끔하게 부착할 수 있습니다.
아주 생산성 높은 서피스프로~~강추 합니다."
평점5,"적당히 휴대하기 좋은 크기랑 무게를 가지고 화면 사이즈도 태블릿치곤 큰 13인치라 신형 서피스중 이걸로 결제했습니다.

실제로 써보니 디자인이 사진에서 나온 것처럼 때깔 좋고 특히 서피스펜이 조작감이 좋아 만족스럽습니다."
평점5,"사전예약으로 빠르게 받아볼 수 있었습니다. 서피스 프로 4를 쓰다가 이번에 9를 구입했는데, 정말 많은 부분에서 개선이 되었네요. 업무에 유용하게 사용할 수 있을 것 같습니다. 다만, 오른쪽 스피커 부분에 미세한 스크래치가 있었는데, 도색이 벗겨진 부분이었습니다. 들고다니면서 사용하다보면 결국은 스크래치가 날 것 같고, 다른 부분은 양품인 것 같아 교환 신청을 하지는 않았습니다. 그래파이트 색상은 플래티넘 색상보다는 도색이 상대적으로 쉽게 벗겨질 수 있는 것 같아 다소 아쉬운 부분이네요. 그렇지만 그래파이트 색상은 디스플레이의 검은색 베젤과 일체감이 느껴지는 미감을 주기에, 디자인적으로는 매우 깔끔합니다.

서피스 프로 9의 전체적인 . 윈도우 기반이 필요하신 분들에게는 올인원 기기로 추천합니다."
평점5,"태블릿 PC를 원해서 찾고 찾다가 서피스 프로 9를 선택했습니다. 같은 플래그십 제품인 갤럭시 북2 프로 360과 그램 360 제품도 고민했었는데요, 결정적으로 키보드가 분리된다는 점, 그리고 120Hz 주사율과 압도적인 해상도(QHD와 UHD 사이)가 서피스 프로9에는 지원이 되어서 구매했습니다! 그리고 부팅시간도 매우 빨라서 태블릿 켜는 것처럼 느껴졌습니다. 보통은 부팅시간이 길어져서 다들 귀찮아서 노트북 대신 PC를 사용하는 게 보통인데, 이러한 점을 잘 알고 있어서 진짜 태블릿의 느낌을 줄 수 있게 많이 신경 쓴 부분이 느껴집니다. 저처럼 윈도우가 들어가 있지만, 태블릿처럼 사용하고 싶은 분들이라면 강추입니다!"
평점5,"사무용으로 사용하기 위해 갤탭과 아이패드 모두 사용해보았지만 항상 무언가 부족함을 느꼈습니다

덕분에 데탑은 반드시 필요했습니다 그렇다고 노트북은 아무래도 휴대성에서 좀 아쉬었습니다

태블릿보다는 노트북을 원하시면서 노트북보다 휴대성을 원하시면 이 제품이 딱! 이다 라고 자신있게 권해드리고 싶습니다

잘 이동 안한다면 그냥 노트북 사세요

다만 태블릿보다 노트북에 가까운 환경 무엇보다 윈도우 그 자체. 뛰어난 완성도와 안드로이드까지 같이 사용하시려면 서피스 프로가 그 정답입니다"
평점5,"한달사용리뷰!

주사율 기본세팅이 60hz로 되어있어서 120hz 고정도 해보고 동적으로도 해보고 비교를 해보면서 사용해봤는데 120hz로 계속 사용해보니 배터리 소모가 빠른 편이더라고요 발열도 조금 있긴해요 이 부분이 조금 아쉽긴하지만 멀리서봐도 가까이서 봐도 디자인이 너무 이쁜지라 아쉬움이 싹 사라지네요 ㅋㅋㅋ아니 진짜 너무 이뻐요 빨리사세요"
평점5,"서피스프로9을 갖기까지 엄청 많은 고민을 거듭했습했습니다. 2017년부터 고민을 했죠..이게 정말 나에게 필요할까? 가격은 비싸지 않은지.. 돈을 벌고 이렇게 살 수 있어서 기분이 좋아요! 더일찍 사서 경험해보지 못한게 후회만 될뿐ㅋㅋㅋ
태블릿 사용 빈도가 높지만, 노트북처럼 간혈적으로 필요한 사람들에게 그냥 결제하라고 추천해주고 싶어요."
평점5,"많은고민끝에 고민했지만 최선의 선택인것 같습니다.
가격이 비싸다 생각했는데 갤럭시360 처럼 비슷한 경쟁제품을 비교해보니 2in1으로는 되려 나름 가성비인거 같다는 생각도 드네요ㅋㅋ
기본 인터넷 서핑,자격증공부,문서작업,필기에
딸아이 유투브, 그림그리기 등등
서피스 하나로 정말 다양하게 활용하고 있어요.
배터리 사용시간이 가장 아쉬운 단점이긴 하지만

어느정도 감당가능합니다.
하루빨리 구글스토어가 정식적으로 출시되어 다양한 안드로이드 앱을 활용할수 있으면 좋겠네요."
평점5,"서비스프로9을 올해 초 구매하였습니다.

그동안 갤럭시울트라8과 노트북을 병행하여 사용했는데 출장다닐때마다 가방이 무거워서 혼났습니다.

마침 서피스프로9 신제품 출시 소식을 듣고 구매하였습니다. 기존에 사용하던 노트북과 성능은 비슷하고 빠릿함이 좋아서 만족하고 있습니다.

무엇보다 출장다니면서 이용하던 노트북과 테블릿을 한가지로 통합이 되니 .

그동안 말로만 듣던 있습니다."
평점5,"노트북과 태블릿의 조합으로 생산성 좋고 사용하기 편리합니다.
컨텐츠 소모가 주목적인 여느 태블릿과 다르게 너무나 익숙한 윈도우 기반으로 사용에 불편함이 없습니다.
휴대성과 생산성 모두를 생각하면 좋은 선택지라 생갇합니다."
평점5,"갤럭시북과 서피스사이를 한달여 가량 갈팡질팡 고민 끝에 네이버 맴버쉽 쿠폰 기회까지 있어 너무 좋은가격에 구매했네요. 최초 서피스 모델은 써봤는데 그때보다 굉장히 업그레이드되었네요. 특히 안드로이드 기기 내 데이터들을 손쉽게 가져올 수 있는점은 상당히 맘에듭니다. 전원장치는 많은 사용자들이 집어주신대로 어울리지
않게 크고 묵직하고 본체에 전원 연결부분이 자석으로 되어있어
좋긴하지만 왠지 약해보입니다. 뭔가에 눌려 쉽게 꺾이거나 부러질 수 있겠네요.
어쨌거나, 외관부터 성능. 터치감. 사이즈. ."
평점4,"신제품이라 좋아요. 윈도우11 처음써보는데 적응기간이 좀 필요하겠네요. 문의에 답변도 빨라 좋습니다.
다만 상품소개에 키보드가 서프스프로9 전용이라는 문구는 빼셔야합니다. 서피슾포 8, 9, x 호환제품인줄 알았으면 좀더 고민하고 구매했을 겁니다.
환율이 올라 좀 비싼감은 있지만, 앞으로 4ㅡ5년 잘 쓸생각으로 구매했습니다."
평점5,"거의 10년전 서피스 초기모델을 사서 너무 만족스럽게 쓰고있었습니다. 초기모델이라 뭐였는진 기억안나는데 크기도 작고 가지고 다니기에도 편하고 거의 문서작업만 주로 하는 저에게는 딱이었어요. 근데 너무 오래되어서 그런지 이제 더이상은 못 쓸거 같더라구요ㅎㅎ 렉도 자주 걸리고 그래서 새로 사야지 마음을 먹었습니다. 처음엔 그램이나 삼성쪽 노트북을 사야지 마음 먹고 이리저리 알아보는데 가격이 너무 비싸 선뜻 결정을 못 내리고 있었습니다. 그러던 찰나에 우연히 네이버에서 서피스프로를 할인해서 판매하고 있다는걸 보게 되었고, 그 전에 서피스를 너무 만족스럽게 썼던 저로서는 고민할 이유가 전혀 없었습니다.^^ㅎㅎ
서피스 프로모델은 처음이어서 약간 긴장?되긴하지만 잘 써보아야겠어요. 일단 , 뜯자마자 영롱한 디자인과 쨍한 화면에 감동받았습니다.ㅎㅎㅎ 한달사용후기로 돌아올게요^^"
평점5,"서피스 프로9… 처음 서피스 시리즈를 본 것은 16년도 쯤 친구가 들고 온 것이 처음이었습니다. 그당시에 보고 킥스탠드가 넘모 좋아보였지요. 그러고 잊고 살다가 갑자기 올해 지름신의 인도하심을 따라 서피스를 제 손에 넣게 되었습니다.

기본모델을 살까 하다 그럴바엔? 좀더 보태면 i7인데? 하면서 오 좀더 보태면 펜이랑 키보드도 주네? 하면서 강렬한 지름신의 의지에 따라 이 제품을 구매하게 되었습니다.

업무용으로도 좋고 게임을 할수도 있고 포터블 x86 pc를 갖고 있는것이 매우 기분이가 좋습니다."
평점5,"한참 고민하다 결국 혜택마지막날 질렀습니다.
도착보장은 내일까지였는데 하루만에 바로오네요.

교육할인으로 비싼와중에 잘샀다는 생각이 드네요.
비싸게 산만큼 이래저래 잘 활용할 방법을 고민해봐야겠네요.
서피스카페도 가입했습니다.
전문가분들이 많으신듯...

이쁘긴 정말 이쁘네요.
포장뜯을때가 가장 설래고 기쁜것 같아요.
좋은기분 이어가서 기술사공부도 서피스와 함께 열심히 준비해서 돈값 할수 있도록 해보겠습니다."
평점5,"서피스가 나오던 때부터 살까말까 고민을 엄청 오래했었는데 쓰고있던 노트북을 바꿔야할 때가 되어서 결국 바꿨습니다! 한번씩 문서 작업할 때 쓰고, 출근해서도 메인 컴퓨터 따로 쓰면서 같이 쓰면 되는 정도로 생각하고 구매해서 딱 좋은 것 같아요. 생각보다 조금 무거운 편이기는 하고 케이스를 아직 마땅한 걸 못 찾아서 보호필름만 붙이고 쌩으로 사용 중인데 그래도 아직은 특별한 문제없이 잘 사용 중입니다~"
평점5,"1.휴대성
기존 쓰던 태블릿보단 크지만 이정도면 휴대해서 가지고 다니기에 불편함 없이 좋습니다. 무게감도 적당합니다.

2.기능성
기존 쓰던 태블릿은 강의 등 동영상 보는데는 좋지만 pc가 아니다 보니 문서작업기능이 늘 불만이었는데 마이크로소프트 서피스 프로9이 모두 갖추었네요~ 때론 태블릿처럼, 때론 노트북처럼 !

3. 가격
타 사이트에는 같은 spec으로 이가격대가 없었다는점! 이보다 낮은 사양도 현재 여기 프로모션가격보다 비싸다는점~

4.배송
당장 여러 문서작업이 필요했는데 데스크탑 고장으로 고민하다 구입! 바로 다음날 배송오는데 너무 감동입니다.


~"
평점5,"패드랑 같은 두께에 윈도우 기반 노트북이기에 사용이 너무 편함.
펜의 뒤쪽에 1번 누르면 저널, 2번 누르면 캡쳐도구, 길게누르면 삼성노트 매핑해두면 ㄹㅇ 신세계를 경험할 수 있음.
스피커도 빵빵하고 액정 해상도도 좋고 불만이 1도 없어요. 거기에 3:2비율이라 확트인 느낌이 있습니다.
공문만지거나 환경상 윈도우 쓰시는 분들에겐 ㄹㅇ 최고입니다.
(물론 별다방 입장가능인지는 모릅니다ㅋㅋㅋ 요즘 사과네 아니면 별다방 노트북 금지라는 밈이 하도 많아서ㅋ)"
평점5,"솔직히 가격값을 하냐 물으시면... 그건 아닌거같지만 서피스프로는 디자인과 감성이 다 한것같습니다.
골수 안드로이드유저로서 많은 사람들이 오로지 감성만으로(타 폰에 비해 성능이 뛰어난거는 저도 압니다^^) 아이폰을 사용하는것을 이해하지못했는데 이번에 서피스프로9를 며칠 사용해보고 저도 그 맘을 이해하게 됐달까요^^
그렇지만 서피스프로가 같은 가격대 노트북보다 성능이 뛰어나냐 물으시면 ㅎㅎ...

..
게임패스 1달 무료권도 줘서 저사양 게임을 플레이 해봤는데 무리없이 돌아가네요ㅎㅎ

펜기능이 달린 윈도우 노트북이 필요해서 구매했는데 지금껏 필기는 하지 않아 이 점이 어떤지는 잘 모르겠어요;; 대충 휘갈겼을땐 태블릿이랑 큰 차이 못느꼈는데 ㅎㅎ 좀 더 써봐야 알것같습니다

조금 무리해서 구매했지만
하지만 시간을 되돌릴수 있다면 ^^.. 프로9가 아닌... 8을 구매할거같아요^^... 성능 차이는 별로 없고 가격차이만 있다는 리뷰를 보고 땅을 쳤거든요

***그리고 서피스시리즈를 처음 사용하는 사람이라... 당황스러웠던게
충전기에있는 a타입 구멍이 only 충전용이었다는점...🤣🤣🤣🤣🤣
마우스꼽고 키보드도 꽂아보고 온갖 a타입 기기를 다 꽂아도 인식이 안되길래 고장난줄 알았는데 충전만 되는 포트라 안되는 거였어요 하하🫠"
평점4,"노트북을 구입할 때, 사용 목적에 맞게 사는 것이 가장 자기에게 좋은 노트북이 되는 것 같아요. 저 같은 경우는 대학생이고 공부 자료가 방대한 학과를 다니고 있어요. 게임이나 동영상 제작과 같은 무거운 업무는 거의 안 하는데, 여기에 가장 맞는 노트북이 서피스프로9인 것 같더라고요. 태블렛처럼 편하게 누워서 pdf도 보고 줌 강의도 듣고요. 가지고 다닐 수 있게 적당한 가벼움과 적당한 디스플레이 크기를 갖고 있어요. 대학생 노트북으로 가장 최적의 노트북인 것 같습니다.
전에 노트북이 초창기 타블렛형pc여서 사용하는 내내 몸에서 사리가 나올 정도로 인내하게 만든 만들다 만 기계를 지금까지 사용했었거든요. 그러다 이 노트북을 써보니 너무 좋네요.
단점은 처음 오픈하고 껐다가 켜니 전원이 안 들어와서 당황했었어요. 그런데 저 같은 경험 갖고 계신 분들이 계셔서 조언 보고 해결했습니다.
저도 간혹 가다 보이는 서피스 복불복에 잘못 걸렸나 싶어서 놀랐는데, 그 뒤로는 아직까지 오류가 없어요.
그리고 불편한 점은 터치패드로 드래그를 하려면 터치패드 왼쪽을 클릭한 채 드래그를 해야 해요. 이런 기능의 노트북은 처음이라 불편하네요. 한 손으로 드래그가 안 되어요(죄송해요. 한 달이 넘게 써보고서야 알았는데, 두 손가락을 동시에 올려 당기거나 올리면 드래그 되어요.)"
평점5,"서피스 프로4부터 해마다 업그레이드해서 프로9까지 쓰고있는 마소빠입니다. 수년간 as한번없이 믿고쓰는 서피스라 만족하며 잘 쓰고 있어요.
아쉬운점이라면 언제부턴가 i7라인에서 실버색상이 빠져서 블랙밖에 선택지가 없어진 게 젤 슬퍼요 ㅠ
그리고 이건 딱히 단점이라고 보긴 어렵지만 어답터와 전기코드 연결부위가 잘 빠지더군요. 이전버전까지는 한번꽂아두면 한몸처럼 연결되어 잘 안빠져서 들고 다니기 편했거든요..
오랜 사용자라 아쉬운 점만 보이네요 그래도 저는 계속 서피스를 쓸 마소빠입니다요ㅎ"
평점5,"4세대 때부터 눈여겨 보면서 사지고 싶었는데요
9세대가 되어서야 사게 되었네요~!!

인텔 EVO 인증 제품이라~ 더 신뢰가 가고요!
이것저것 사용하면서 더 만족도가 올라가고 있어요. ^^

간단한 사진 편집과 문서용으로 사용하고 있는데
전혀 ~!
_!
여기저기 달고 다니며 편하게 사용 중인데요
배터리 때문에 불편함을 겪어본 적이 없네요 ^^

~
:)

:)"
평점5,"좋네요.. 갤럭시 탭이랑 고민 했는데.. 이번 할인에 사게 되었네요. 원도우 11이 마우스로 쓸때와 직관적인 서피스로 쓰는게 체감이 많이 되네요.

원도우 11로 업무적 연계도 좋구, 펜으로 작업도 만족합니다. 메인컴 윈도우와 보조적 수단으로 서피스 연계의 일관성이 되는건 좋습니다.


일부 안드로이드앱 부족 있지만 마소앱 내에서 해소 가능한 앱이 많네요.
다만 안드로이드 계정과 다른 메일 계정을 쓸때 윈도우 앱깔고 ~구글앱 결재시 구글 계정으로 접속해야하는게 조금 불편합니다.

윈도우 최적화 환경은 일반 컴과 다른 느낌으로 다가 오고, 학생이 미리 써도 나중에 윈도우 작업환경 근무시 연속적으로 앱을 쓸수 있어 조금 일찍 적응 한다 생각하고 사용하면 캘탭보다 더낳은 기기로 다가 올수 있을것 같습니다."
평점5,"2009년도에 구입했던 맥북프로를 이제는 보내야 할때가 되었습니다. 그동안 ssd도 업글도 하고 cd롬도 고장나서 때버리고 추가 하드에 램도 8기가로 업그레이드까지 하면서 잘 사용했었습니다.
그러던중 새로운 일을 하게 되면서 나의 대한 선물이다 생각하며 마침 네이버에 쿠폰까지 얻어 저에게 과분한 노트북을 얻게 되었네요.
맥북프로처럼 10년넘게 잘 사용할수 있는 서피스가 되었으면 하는 바램으로 서피스에게 케이스하나 선물해줘야겠습니다.케이스 추천바래요.^^"
평점5,"예쁘고 좋아요 !! ㅎㅎ 가격 때문에 고민에고민에 고민을 했지만 결국 질렀습니다.
60hz에서는 부드럽진 않네요 ! 약간의 버벅거림이 느껴져서 60-120 동적 설정으로 변경했습니다. 바꾸니까 훨씬 좋아요. 키보드는 본체와 연결되는 단자 있는 부분쪽 패드가 살짝 들뜸 현상?이 보이는데 사용하는데는 지장없어서 그냥 쓰려구요. 어쨌든 2 in 1 만족합니다."
평점5,"서피스 프로 7을 3년 정도 사용해오다가 업무상 필요에 의해 서피스 프로 9을 살펴보던 중 정말 좋은 기회에 구매하게 되었습니다. 더 나은 시스템이라 모든 면에서 좋지만 크게 3가지가 정말 마음에 드네요.

1. 12세대 CPU
2. 램의 여유(16G)
3. 120Hz(넘사벽!!!)

CPU와 . 서피스 프로 9을 사용하다가 프로 7을 사용해보니 역채감은 정말 큽니다.
좋은 상품기획 고맙습니다. .^^"
평점5,"일단 생각보다는 무거웠습니다. 하지만 간지가 간지가....그리고 나이 많은신 어르신들도 알아봐 주셔서 기분 좋았네요. 일단 생각보다 태블릿 역활로서 많은 활용은아직은 못하고 있습니다.

좋은 점을 딱 짤라 말하면, 휴대성이 좋습니다. 나름 MS에서 만든 제품이라 OS와의 호환도 괜찮은것 같습니다. 실제로 같은 프로그램을 S사와 L사 제품에 돌렸을때 보다는 빠른것 같은 느낌적인 느낌...,한달 사용으로 많은것을 판단하기는 이르다고 생각이 되나, 메인 용량을 2T까지 올리고 사용중입니다. 휴대성 써본 놋북 중에 최고 입니다."
평점4,빠릿빠릿하고 가벼운 사용감이 참 좋아요 그런데 물리적 마이크와 스피커에 문제가 없는데도 불구하고 마이크 입력 게이지가 10 이하로 잡히는 점과 사운드 재생시 앱이나 녹음 방식에 따라 소리가 튀는데(기능 향상 버튼을 꺼도) 그건 아마도 아직 윈11 환경에 맞춰 앱들이 온전히 개발되지 않았기 때문이겠죠 때문에 돌비사운드를 온전하게 즐기기 어렵네요 이건 시간이 필요할거고 펜도 터치감은 나쁘지 않지만 정확도가 떨어질 때가 있어요 어쩔 땐 너무 민감하고 어쩔 땐 너무 둔감하고... 근데 펜 테스트를 해보면 또 멀쩡해요 그러니 이것도 소프트웨어적인 환경에서 생긴 갭이 문제겠죠 단순 작업이지만 프로적인 환경에서 사용이 필요한 유저들에게 잘 맞는 서피스프로9 입니다 영상은 빠릿한 사용감을 보여주려고 링크 넘어가는거 찍어봤어요
평점5,"업무상 출장이 많아 고민하던 중 엄청 좋은 가격에 원하던 제품이 판매되고 있어 잽싸게 질렀습니다.
어제 주문했는데 오늘 도착했네요^^
생각보다 훨씬 빠릿빠릿하고 업무상 필요한 모든 기능이 잘 돌아가는 것 확인했습니다.
여름에 발열이 조금 걱정스럽긴 하지만 그 외에는 모든게 만족입니다.
좋은 가격에 판매해주셔서 감사합니다~~!!!"
평점5,"나에게 필요한가 라는 고민을 그만하고 싶어서 질렀어요. 키보드 색 고르는것두 고민이라 30개월 딸램에게 골라달랬네요.
이쁩니다. 빠릿빠릿하고. 아껴서 열심히 활용하렵니다.

빠른처리 빠른배송덕에 제꺼가 되었네요.
결재하고 취소하려고 했는데 이미 물류센터에 전달되어 반품을 해야 한다기에. 제꺼 되려고 그랬나보다 싶어서 그냥 씁니다.

!!"
평점5,"좋은 가격에 좋은 제품 잘 산거 같아요.
2년전에 산 서피스프로7 i5 모델은 팬리스라 발열에 의한 멈춤 때문에 불편했는데,
이번 서피스프로9은 전모델 내부 쿨링팬이 있어서 안심입니다. 굳이 단점을 뽑자면 USB C포트만 있다는 점. 전용키보드는 부착형이라 따로 블루투스 키보드 있으면 세로로도 쓰기 좋고, 아크마우스도 사용감도 디자인도 좋아 추천입니다."
평점5,"학업, 업무에 태블릿과 노트북이 필요하지만 통장잔고는 바닥을 보이고 있어 선택한 서피스프로9

과연 두 역할을 모두 성실히 기능할 수 있을까
반신반의 하는 마음으로 여러 유튜브를 보며 고심한 끝에 구매하였고 하루만에 배송이 오더라구요.

언박싱을 하자마자 깜짝 놀랐습니다.
엄청 고급스러운 디자인에 사용자를 위한 다양한 인터페이스

성능은 제가 컴맹이라 정확한 분석은 불가하나
로스트아크 설치 후 버벅임없이 잘 플레이하고 있습니다.

이젠 서피스프로9을 휴대폰 보다 많이 쓰는 것 같아요
회사에선 서브pc로 도서관에선 강의 및 필기용으로
퇴근 후 집에선 나만의 피시방으로
다재다능한 모습을 보여주는 서피스프로9

후회없는 선택이었던것 같아요"
평점5,어제주문 오늘도착~ 좀더 써봐야되겠지만 컴터속도 빠르고 좋아요~ 맥북쓰다가 MS 컴퓨터도 필요해서 검색끝에 시피스 좋아보여서 행사도 있고 바로 구매했어요. 키보드 ‘스웨이드’ 촉감재질 맘에 안들지만 사용성은 괜찮아요.
평점5,"서피스 프로3 프로7 사용 후 이번에 9으로 변경했습니다. 3에서 만족했던 서피스였지만, 7에서 실망했고 9으로 다시 만족하고 있습니다. 7이 i5 이고 9이 i7이라 직접적 비교는 어렵지만, 많은 부분이 개선된 것 같습니다. (7이 워낙 실망이라..) 펜도 전에 쓰던 펜보다 필기감 등이 만족스럽습니다. S펜과 비교해도 약간 아쉬운 정도로 성능이 꽤 준수해진것 같습니다. 7이 있는 상태에서(심지어 3도 멀쩡히 있는 상태) 새 것을 사는게 좀 아까웠지만, 역시 새 것이 좋네요. 잘쓰겠습니다~"
평점3,"애플사에서 맥북에 펜슬을 포함시키지 않은이유.. 서피스 프로 사용하면서 납득이 되었습니다. 잘 사용하지 않게 되더라고요 ㅎㅎ 휴대성은 아주 좋아요. 기존에 사용중인 노트북보다 서피스프로를 더 가지고 다니게됩니다.
충전선이 일반적인 다른 기기들이랑은 호환이 안되는 제품이라 충전선을 꼭 챙겨가지고 다녀야한다는 불편함이 있습니다... 집밖에 나와서 배터리가 다 되면 충전할 수 있는 다른 방법이.. 있으면 알려주세요.. ㅠ
동영상 편집은 시도하였으나 로딩이 너므 오래걸려서 해보지 못했습니다. 10분정도 되는 동영상이었는데 자기전에 켜놓고 다음날 아침에 일어나 봐도 10프로 정도밖에 로딩이 안되어 있어서.. 재생속도 2배속으로 늘릴때 버벅거림도 있습니다.
동영상 강의나 필기용으로는 좋을것 같은데 동영상 편집이 필요하다면 곰곰히 생각해보시는것도..
휴대성은 아주 좋아요."
평점5,"오늘 받아서 처음으로 사용해보았습니다.
갤럭시북3와 그램과 고민중에 서피스프로9를 보게되었고 정보도없이 덜컥 샀네요
받자마자 개봉했는데 태블릿같지만 사은품으로 주신 키보드 부착하니 노트북같고
화면구성은 매일보는 데스크탑pc와 같아서 적응하는게 어렵지 않네요
아직 더 써봐야겠지만 개봉기는 만족스럽습니다
좋네요 단지 생각했던 무게보다 무거워서 놀랐습니다"
평점5,"남편생일선물로 사준거라 후기 들려달라고해서 첨부합니다.ㅎㅎ

장점 노트북과 패드의 장점을 지니고 있다. 화면이 생각보다 크다. 사운드가 매우 괜찮다.
단점 생각보다 무겁다. 용량은 확장이 필요하다. 호환단자가 없어서 별도의 도킹 커넥터 구입은 필수인 듯 하다."
평점2,"제품자체는 너무 좋고 만족스럽니다.
다만..별점이 2점인 이유는 사전예약하고 2주일가량 기달려서 물건을 받았는데 그 때보다 약 40만원 정도 가격이 떨어졌습니다. 가격적인 정책은 정말 고개를 갸우뚱하게 만드네요. 오히려 사전예약때 파격세일을하고 그 후에 가격을 원상복구시키는게 맞는것같습니다. 이제 마소는 어떻게 구매해야하는지 알게되었습니다.

다만 제품은 정말 좋고 ."
평점3,"가격대비 배송 포장이 많이 부실합니다.
배송온 박스가크길레 물건은 별로안큰데 뽁뽁이로 감쌋나...... 하고 열어봤는데 서피스프로랑 키보드는 그냥 바닥에있고 위에만 큰 뽁뽁이 이불처럼 덮어져있고 공간채우는 미역줄기같은 종이만 두개.... 이건뭐 포장을 한건지 만건지 어째꺼나 바닥부분은 전혀 쿠션이 없는거였습니다... 보통 내용물을 에어캡으로 한번 감싸고 테이핑 해주지않나요... 200만원짜리인데 이리 허술하게 배송해주실줄은...... 제품은 아직까지 이상없이 잘 돌아가고 작동잘되는거같고 배송도 주말에 시켰는데 월요일날 도착해서 깜짝놀랐네요. 다만 포장이 너무 아쉬울뿐입니다."
평점4,"실제사용후기 알바아님
2in1이라는 좋은강점을가진 태블릿
사운드 리얼 미쳤음 사운드엄청좋음
필기 및 그림그릴때 부드럽게 잘됨 렉없음
태블릿으로 쓰고싶을때 터치가 이상하게되는
경우가 생김 왜이러지 싶을때가있음
유트브보다가 태블릿 들어야할때
터치가 지멋대로됨
블루투스 키보드 오 뭐야"
평점5,"결로부터 말씀드리자면... 아래 사용기 리뷰 내용 참고해주세요. 좋은 제품입니다. 적당한 가격이라고 생각합니다.(개인적으로...) 대학생 노트북, 비즈니스 노트북, 작업용 노트북... 어떤 용도에도 잘 어울리는 스펙과 디자인을 가지고 있습니다. 다만, 아쉬운 점은 이전 세대랑 외관에서 크게 차이가 보이지 않아서 요게 좀 아쉽더군요. 성능은 분명히 나아졌는데...

[사용기] 역시 2in1 태블릿 노트북의 최강자 마이크로소프트 서피스 프로 9입니다.
https://blog.naver.com/kyyoung92/222945808876"
평점5,서피스 프로7 쓰다가 이번에 프로9로 바꿨어요 화면도 더 넓어지고 펜이 충전식에 안에 들어가서 좋네요! 색상선택을 못해서 아쉬었는데 검정색도 무난무난하니 좋습니다! 윈도11도 적응 안될까봐 걱정했는데 금방 적응되었어요!
평점5,1월 말에 구매하고 3개월째 사용 중입니다. 매일 사용하지는 않고 문서 작업 필요할 때 쓰는 편입니다. 터치가 되니까 키보드 분리해놓고 문서 읽을 때 A4 인쇄한거랑 거의 사이즈 똑같아서 폰트 사이즈 볼때 편하네요. 배터리는 아무래도 좀 짧은 편이라 외부 나갈때는 충전기를 꼭 챙겨가야하기는 합니다. 작업하다 잠깐 쉬고 그러면서 쓰니까 4-5시간 정도는 사용할 수 있었어요.
평점5,"업무용 노트북은 역시 서피스가 최고같습니다. 가볍고 성능 좋고 스타일리시합니다. 펜을 품고 있는 키보드 커버는 필수입니다. one note나 draw PDF같이 앱과 함께 사용하면 활용도가 높습니다.
USB C Pd포트로 연결하면 외부 모니터와 충전이 함께 되니 편리하고 갤럭시 폰과 연동도 좋습니다. 적극 추천합니다."
평점5,"아이패드 프로 12.9를 사용하다가 실사용에 한계를 느껴 윈도우로 구동되는 서피스 프로를 구매하게 되었습니다.
화면의 크기는 거의 비슷하지만 문서작업에 있어서는 훨씬 편하다는 느낌을 받고 있습니다.
다만 발열에 있어서는 감안을 하셔야 할 부분인듯 싶습니다.
사용한지 며칠 되지 않있기 때뮨에 1달 사용을 하고 다시 말씀드리겠습니다..^^"
평점5,"현업 프로그래머 입니다. 구입 목적은!!
(1) 집에서 VS2022로 코딩
(2) 여행지에서 넷플릭스 감상
(3) 외부에서 각종 문서 정리
등등 모든 것에 부합되는 PC를 찾다 보니 이거구나 싶어서 구입했습니다.

하지만 딱 두가지 아쉬운 점이 있는데요.
(1) 256GB 스토리지 용량
(2) .

스토리지 용량 같은 경우 20만원대 해외 직구로 2TB 구입해서 쉽게 윈도우 재설치 했습니다.

배터리는 딱히 늘릴 방법이 없어서 고민이네요.

뭐 그래도 ."
평점5,"네이버 스튜던트 플러스 멤버십 할인 받아서 구매해서 기분이 좋습니다. 기본적으로 조금 발열이 있고, 글씨가 작긴 하지만 직장인, 대학생 같이 여러 장소 옮겨다니면서 문서 작업이 많으시면 최고의 옵션입니다 ㅎㅎ 만족합니다"
평점5,"현업 소프트웨어 엔지니어입니다.
사내에서 서브 PC가 필요해서 구입했습니다.
얇고 가벼워서 가지고 다니기 좋습니다.
저렴한 가격에 키보드까지 구입을 해서 만족합니다.
단지 살짝 아쉬운것은 스토리지 용량이 256GB밖에 안되어서 2TB SSD 구입을 해야 되는 단점 정도 있네요 ㅎㅎ"
평점5,"잘 샀어요. 마음에 듭니다. 간단한 게임 쯤이야. 라고 생각하고 샀지만, 열이 많이 나네요. 애플 생태계에만 있다보니... 팬 소리와 열.. 잠시 잊고 살았네요. 그래도 제품 자체의 고급감. 만듦새의 짜임. 제품 그 자체가 마음에 들어 후회하지 않습니다. 그래도 정가엔 안살 것 같아요."
평점5,"배송 빠르게 잘 받았구요. 본체 및 키보드와 펜슬 모두 정상작동 확인했습니다. 초반 배터리가 조금 충전되어 있어서, 충전하시는걸 추천드립니다. 함께 동봉된 오피스 365설치도 매우 쉽고, 기존 pc와 연동되어 설정이라던지 확장프로그램도 자동으로 연동됩니다."
평점5,"밤 늦게 주문했는데 바로 다음날 배송되었습니다. 배송 속도에 정말 만족합니다.
서피스는 가격 빼고 모든게 용서되는 제품이죠. 그렇지만 어디서도 이런 2in1 노트북을 찾아보기 힘들기 때문에 매번 고민하다 최종 선택은 서피스 프로로 오게 됩니다. 깔끔한 디자인, 슬림펜 2의 유용함, 윈도우 11이 주는 편리함과 호환성을 생각하면 다른 대안이 없습니다. 강추합니다."
평점5,"서피스 프로 4 쓰다가 기변 할때가되서 9으로 구매했습니다 속도나 기타부분 모든것들이 좋아졌습니다
집에서 탁자위에 서브로 쓰려고 샀는데 노트북 보다 좋아요
단점은 무게가 무거워졌고 5세대 진보한것치고는 특별히 다른부분은 없는것 정도? 만족합니다"
평점5,"7 쓰다가 넘어왔는데 확실히 쾌적하네요~~
새 펜도 필기감이 아주 좋아요!!


키보드 색상 선택이 가능해서 ㅋx 이 아닌 네이버에서 구입했습니다 ㅎㅎ 장기 무이자할부를 버리고 원하는 색의 키보드를 골랐는데 마음에 드네요 :)


배송도 정말 빨랐구요 (다음날 도착)

~"
평점5,"한 일년은 고민하다가 필요하게 되어서 부랴부랴 구매했습니다.
기대한 것만큼, 그 보다도 더 만족스럽니다.
물론 계속 써봐야 더 잘 알겠지만,
지금은 매우 만족합니다.
생각보단 무겁지만, 큰 무리는 아닌듯 합니다.
키보드도 펜도 ."
평점5,"업무 특성상 현장과 사무실 이동이 잦은편입니다

레노버리전프로7도 무거워서 사무실에 시즈모드로만 쓰고
비슷한 목적으로 아이패드 프로도 구매했지만
잠깐 잠깐 오피스로 엑셀 파일 확인하고
도면 체크하는 용도로는 서피스프로면 충분합니다

용량부족한 부분은 외장하드 쓰다가 그것도 귀찮아서
요새 스팀덱에 많이 쓰이는 SN740 2테라 구매해서
바꿔서 이식했더니 용량도 자유로워요

서피스병은 구매해야 해결됩니다

각자 용도에 맞게 구매하세요"
평점5,"아이패드 쓰다가 윈도우컴이 필요해서 바꿨는데 펜이 전 서피스꺼가 더 좋은거 같아요. 개인취향이지만 정말 종이에 쓰는 느낌에 더 가까운거 같습니다. 배터리가 오래 안가는데 단점이지만 그 외에는 휴대성, 업무효율 상승 등 모든게 만족스럽습니다."
평점5,"안드로이드 태블릿과 게이밍 노트북도 사용중인데, 솔직하게 말하자면 개별 사용 퍼포먼스는 안드로이드 태블릿과 게이밍 노트북을 각각 쓰는게 훨씬 편합니다. 그런데 왜 서피스를 쓰느냐?
업무상 쓰는 프로그램이 있는데 윈도우즈만 지원합니다. 항상 노트북을 가지고 다니거나 데스크탑을 켜놓고 원격으로 접속해서 사용하거나 했는데, 서피스는 윈도우즈 노트북 자체이므로 그냥 사용이 됩니다.
윈도우즈 운영체제와 태블릿이 꼭 필요한 사람에게는 다른 대안없이 최고의 제품입니다."
평점3,"다른거. 다 좋고 발열많다는
소리는 순 거짓말이었네요 근데
배터리가 진짜 졸라 아쉬워요
광탈은 아닌데 그래도 많이 빨리 사라지네요 ㅠ
영상도 길게쳐도 한 5~6시간정도라
보지 않을까 싶어요.. 밝기 어둡게 했을 때
밝으면 모 광탈이죠 ㅋㅋ"
평점5,"S사만 주구장창 사용하던 1인 입니다. 서피스 넘어 오고자 고민고민 끝에 넘어 왔는데, 만족 입니다. S사와 완전 차이를 느낍니다. 같은 환경에 초기 부팅 및 절전 모드 벗데리 소모량 등에서 스트레스를 받지 않을 정도 큰 차이를 보입니다. 거기에 매우 저렴하게 구매해서 더 좋네요!!"
평점5,"프로7쓰다가 아이패드, 갤럭시탭 등 이벗저것 썼는데 각각 장단점이 있겠지만 범용성에서는 이만한게 없는거 같아요.
그리고 키보드 그린 색상이 미쳤습니다. 본체도 그린 사고 싶었는데 사양을 타협할 여지가 없어서 좋은가격에 사서 아주 만족합니다."
평점5,"배송 정말 빠르네요.
주문한지 12시간도 안되서 받은 것 같습니다.
퀵배송도 요청하면 4~6시간 걸리던데.... 조금 과장해서 퀵배송 보다 조금 더 걸리는 것 같네요.
제품은 아주 세련되게 맘에 듭니다.
갬성과 성능 두마리 토끼를 다 잡은 것 같습니다.
.
오피스와 비지니스 친환경적인 노트북 태블릿입니다.
."
평점5,"뉴 노트북이 필요하던 찰나에
기존 노트북 서브로 사용하고자 하나 들였습니다

주로 캠 다닐때 동영상 머신 및 이동 시 업무용으로 쓸려고 합니다

업무용 찾다보니 태블릿보다는 노트북이 답이더라구요

잘쓸게용

고민하가 커버 사파이어 했는데 넘 맘에드는것"
평점5,서피스 프로4부터 쭉 써온 사람입니다. 프로7 쓰다가 이번에 프로9로 업그레이드합니다. 주로 업무용으로 쓰는데 포토샵 잘 돌아가고 노트북도 있지만 들고 다닐땐 이게 최고입니다. i7시리즈도 다양한 색상 지원되면 좋겠어요 ㅎ
평점5,"너무 좋습니다.
처음에 구입하기 전에는 경량과 성능 두 마리 토끼를 다 잡을 수 있을까...? 라는 의문이 조금 있었는데, 사용하면 할수록 만족도가 최상인 것 같습니다.
물론, 제가 성능이 좋은 모델로 구입해서 그런지는 모르겠는데 대만족입니다.
태블릿을 노트북을 구입할까 하시는 분은 무조건 이 제품 구입하시면 될 것 같습니다."
평점5,"상품의질도 포장도 배송도 모두 만족입니다. 예배 대학생 컴공생이 받아보고 만족해했습니다. 여기애 필요할 파우치와 마우스 구매하러 다시방문, 주문후 기다립니다. 잘 사용하고 또 알리겠습니다. 친절한 응대까지.. 감사합니다."
평점5,"확실히 지금까지 사용한 2in1시스템 제품 중에서 가장 좋은 것 같습니다.
단지 충전기를 꽂았을 때 미량의 전기가 통하는 문제점은 아직 개선이 안된건지.. 구매전에도 해당 문제에 관한 글을 본적이 있는데 똑같은 문제점이 발생해서 아쉽긴하네요."
평점5,서피스 프로 7플러스와 비교하면 더 넓어진 화면 좁아진 베젤 120hz 가변 주사율이 체감되구요 잘 사용하지 않는 sd슬롯 3.5pi 오디오 포트는 그렇게 불편하지 않아요. 다만 usb a 포트가 하나도 없는건 살짝 불편합니다. 주로 원드라이브를 이용하기에 usb 메모리를 잘 사용하지는 않지만 프린터 등 에서는 아직 usb a가 대세인지라 usb c/a 동시 사용가능한 메모리 추가 구매했네요.
평점5,"경쟁모델은 갤럭시 탭과 아이패드가 있지만
윈도우 기반 태블릿이라는 점에서 메리트가 아주 있어요.
서로 장단점이 무조건 있기 때문에
그걸 잘 생각해보시고 구매하셔야 합니다.
한달 이상 사용해본 저의 개인적인 소견은
ㅈㄴ 대만족합니다."
평점5,"빨리 배송이 되었어요. 다만, 무조건 빠른 것보다는, 배송 시작일과 배송도착일을 지정할 수 있었으면 합니다.

그리고 색깔이 키보드 사진과 상품명 매칭이 안 되서 애먹었어요. 다른 색이 올까봐요. 키보드 사진 편집해 주셔서 칼러명을 옆에 함께 넣어주시면 좋을 것 같아요.

그 외 여러가지 혜택들 있어 좋았구요. 다만 허브를 추가로 사야해서 그 점은 좀..."
평점1,"고객센터 전화 안 받아 덕분에 마이크로소프트 고객센터 통해 산 지 한달만에 리퍼 상품으로 교환받기로 했습니다.
프리리턴 믿지 마세요. (제품 시리얼 키 손상 없이 떼어내 프리리턴 가능한지 여쭤 보려고 했으나, 고객센터 전화 안 받습니다 ^^)

답변 읽고, 소비자원에 피해구제청구하기로 마음먹었습니다. 친절한 답변에 감사합니다 :D."
평점5,처음으로 서피스프로 구입했는데 정말 만족이 많이 되었습니다 테블릿 기눙도 필요했었는데 사양은 오버사양이 감이 없지 않지만 그래도 가격은 매우 저렴하게 살수 있어서 좋았습니다
평점5,"일단 서피스라서 믿고 구입하였습니다
적당한 무게에 윈도우라서 매우만족합니다"
평점5,금액이 너무 착해서 안 살수가 없네요
평점5,"택배도착 메세지 받진마자 외출달고 가져와 세팅하고 있습니다.
이제 저반사 처리만 하면 완벽합니다."
평점5,"사용시 소음도 작아진것 같고, 이 가격대에 13인치의 노트북과 태블릿이 되는 점과 새로 바뀐 펜의 터치감과 반응속도도 만족합니다. 펜의 충전방식도 마음에 듭니다."
평점5,"와이프 졸업 기념으로 선물 사줬어요

디자인 : 얇고 정말 이쁘네요 특히 키보드요
성능 : 빠르고 화면도 깨끗하고 소리도 좋아요

무게도 가볍고 좋네요~ 전체적으로"
평점5,저렴한 가격에 구매할 수 있어 좋았습니다! 영롱하네요.. 아직 많이 써보진 않았지만 속도도 빠르고 앞으로 활용기가 기대됩니다
평점5,"토요일 주문 일요일 오후 출고시작 배송빠르고 좋네요.. 써피스 7과 비교시 빠리빠리합니다.
키보드 자판도 소프트해서 타이핑 편합니다.
좋은 가격에 잘 산거 같네요.,"
평점5,"역시 서피스네요.
현재 레노보, 델, 삼성노트북 사용중인데
기대이상의 성능에 좋은 가격.
스마트폰에 연결성도 좋네요.
잘 사용하겠읍니다."
평점5,"얇고 들고다니기 편합니다.
ㄹㅇ 노트북과 비교불가.
근데 윈도우 전부 사용가능!!!

충전기의 a타입 usb는 충전용일겁니다."
평점5,"현재까지는 매우 만족합니다.
아주 깔끔하고 성능도 좋고,
무엇보다 (사실 헤비한 작업을 하진 않았지만) 기존 삼성 노트북 사용했었는데 그에 비해서 팬 소음도 발열도 훨씬 적은 듯 합니다."
평점5,간편하게 들고 다닐 수 있는 강력한 서브컴 포지션을 노리고 구매한 제품인데 상당히 괜찮습니다. 인텔 12세대 너무 좋아요. 존버하고 프로9 사길 정말 잘했습니다.
평점5,"매우 휴대성이 좋고 고사양이라 출장간 너무 유용하게 잘 쓰고있습니다.(롤도 되고 좋아요)
진작에 구매할걸 그랬어요"
평점5,서피스프로9 정말 좋네요. 좋은 가격과 조건으로 구매한것 같아 만족합니다.
평점5,"서피스프로9 i7 16 256 정말 좋은가격에 잘 산거 같습니다.
아주좋아요"
평점5,"너무 실용성좋고 진짜 혜자입니다.
이런기획이 서랩스2에 뜨면 메인작업용으로 쓸예정입니다."
평점5,"주문하고 바로 다음날 수령하였습니다.
색도 이쁘고 사용하기 편합니다.
펜으로 사용할 수 있는 기능도 마음에 듭니다."
평점5,"성능, 디자인, 휴대성 모두 만족합니다. 밧데리도 걱정없이 여유있게 쓰고 있습니다. 추천합니다."
평점5,"잘 쓰고 있습니다. 휴대가 넘 좋아요.
원노트 펜사용도 만족스럽구요.
빨강빨강 볼수록 예쁘네요.

33개월 아이 피해서 키보드 빼고 패드퍼럼도 잘 쓰고 있어요!"
평점4,MS하드웨어 마감이 그리 좋은 편은 아닌듯요..마치 테슬라Y 느낌입니다. 액정 테두리 마감이 그리 좋지는 않아요!! 하지만 모바일 성능은 매우 만족입니다. 배송은 매우 빨라서 좋았습니다. 포장 탄탄하게 깔끔했구요!!
평점5,엄청 고민하다가 구매했습니다. 발열이 심하다. 뭐 등등 문제만 예기하시는데 실물 받아보면 그런 문제 별거 아닌게 됩니다. 실제로도 그런문제가 심하지도 않고요 잘사용하겠습니다. 행사로 저렴하게 구매했습니다.
평점5,기존의 패드는 윈도우와 호환되지않아 패드따로 노트북따로 가지고다녔습니다. 그래서 효율성이 떨어졌는데 이번에 서피스프로를 구매하게되어 매우 만족중입니다. 고민은 늦은 구매를 유발할 뿐입니다
평점5,전체적인 기능은 매우 만족하지만 배터리 소모가 빨리되서 왠만하면 충전기를 꼽고 사용해야되겠네요.
평점4,가격이 높긴해도 윈도우깔리고 호환성 좋은 2인1 노트북으로는 꽤나 만족합니다.
평점5,"서피스 좋아요
전에 있던 그레이색이란 비교해봤는데 블루긴하네요 허허"
평점5,아빠가 필요해서 구매를 도와드렸는데 너무 좋다고 하네욤 ㅎㅎ
평점5,"제품 너무좋은 행사에 구매할수있게 되어 좋습니다 잘쓸게요
구성품및기능 포장 빠른배송까지 너무 만족합니다"
평점5,아이패드 보다 좋습니다. 겉멋이 아닌 진정한 테블릿
평점5,눈여겨보던 제품인데 할인가격에 사서 좋습니다!
평점5,빠른배송에 노트북 가볍고 좋습니다.
평점5,"갖고싶던 PC인데 좋은 기회여서 바로 구매했습니다.
평소 출장이 많아 휴대성 좋은 윈도우PC를 알아보고있었는데 역시 좋은 선택이었습니다. 잘쓰겠습니다."
평점5,"적당한 크기에 디자인, 성능 모두 만족합니다.
가격도 할인받아 구매 잘 한 듯 합니다."
평점5,이런 제품을 처음 써 보는데 만족스럽습니다. 태블릿인데 노트북이네요. 가벼워서 들고다니기도 편하고 윈도우 기반이라 필요한 작업 다 할 수 있을 것 같습니다. 펜이 있어서 필기가 편리한 것도 좋아요.
평점5,"정말 좋은 가격에 잘 구매했어요.
첫인상은 아주 좋아요. 태블릿으로서도, 랩탑으로도!
작은 기기에 스피커 소리는 왜 이렇게 좋은지"
평점5,"발열도 생각보다 안심하고, 소음도 별로 없습니다. 사무용이든 태블릿 사용이든 다 좋아요"
평점5,"빠른 배송 감사합니다!
생각보다 작아서 다행이지만 사용하며 익숙해 지겠죠?!"
평점5,업무용으로 잘 사용하고 있습니다. 서피스 프로 오래 기다렸는데 드디어 만족할만한 제품이 나왔네요. 업무용이긴 하지만 내장 그래픽만 조금 더 좋은 걸 선택 할 수 있었으면 좋을 것 같긴 합니다.
평점5,"배송빠르고 제품도 만족합니다.
서피스5 사용중 이였는데 윈도우11설치도 안되고 오래 쓰기도해서 9로 갈아 탑니다."
평점5,아직 사용전이지만 배송이 빠르고 포장이 아주 튼튼하게 왔어요.
평점5,"평소 원하던 모델이였는데 좋은 가격에 구매해서 넘 기분이 좋네요~~
디자인도 예쁘고 성능도 기대한 그대로예요!
화질도 넘 만족하고 사이즈 무게도 딱입니다
구매 추천드려요!!"
평점5,"사용하기 편하고, 속도도 빠르고 만족합니다. 서피스 프로 3과 7에서 만족하지 못했던 부분에서 많이 만족하며 사용하고 있습니다. 다만 구매 후 가격 할인이 많이 되면서 좀 아쉽긴 하지만, 후회없는 구매였다고 생각합니다."
평점5,"종이질감도 좋구요.
서피스 프로9 역쉬 사용하기 편하네요.
저렴하게 잘샀다고 생각해요.~^^
아쉬운점은 내부 포장상태에요.
최소 뽁뽁이 정도는 되있어야 하지 않을까요~"
평점4,"배송 엄청 빠르고 양품 받았네요
세일가로 구매 해서 많이 저렴하게 산 거 같습니다
서피스 프로 4를 사용했었는데 배터리 누수 현상이 가장 큰 문제였는데 아직까지는 괜찮아 보이네요"
평점5,"서피스가 가성비가 좋을 수 없는 모델인데, 세일할 때 구입해서 너무 좋습니다. 지금까진 부팅 및 작업 속도도 빠르고, 디스플레이도 좋아요!"
평점5,"이 제품만 싸서 조금 의아했는데 문제없는 정상 제품이었습니다.
초기 불량이 있긴했으나 이건 마소측 qc 문제고
판매처에서는 친절하고 신속하게 처리해주셔서 바로 교환받고 잘 사용하고 있습니다. 추천드립니다."
평점5,"가볍고 자판도 띠엇다 붙였다할수있고
키고 끄는것도 빠르고
너무 좋아요! 라이센도 나중에
보내주네요!!
감사합니다 많이
파세요"
평점5,"빠른배송에 감사, 서피스프로6과는 작별인사를 하고, 저렴하게 잘 샀는듯 합니다"
평점5,업무용으로 구매했는데 화질도 좋고 동작도 괜찮습니다. 무엇보다 윈도우 태블릿으로는 대체품이 없어요.
평점5,"아주 만족하면서 사용하고 있습니다.
역시 서피스 프로네요~~~휴대성 최고!"
평점5,매우 쓸만합니다. 원노트 기능도 좋구요. 화면비가ㅜ좀 걸리지만 좋아요
평점5,저는 뉴 서피스 프로 쓰다가 넘어 왔는데 너무 좋아요~! 감사합니다.
평점5,엄청빠른배송 너무좋습니다잘쓸게요
평점5,"배송빠르고 쓰기편하네요~
잘쓸께요"
평점5,싼 가격에 잘 샀습니다 잘 쓸게요
평점5,"휴대하기 좋아보여 구매했습니다.
배송도 빨라서 좋아요!"
평점5,너무 만족스럽게 잘받앗습니다 패키징 너무 좋네요
평점5,강의들으려고 샀는데 화질 소리 다 좋습니다 역시 서피스에요
평점5,방금 받아서 바로 후기쓰느라 성능적인 면은 확인이 안됬지만 지금까지는 전반적으로 빠릿빠릿 하네요 스피커도 만족스러운 편이고 화면도 깨끗합니다.
평점5,"한달리뷰....


일단 간단한 업무 등을 서피스로 하면서

있습니다



뭔가 ms만의 감성이 있는거 같습니다

가격은 착학게 잘샀습니다

~"
평점5,이뻐요 이쁘고 이뻐요 근데 음 뭐라해야할까요? 아이패드만의 정말 노트 같은 느낌은..안드는데 또 필기 인식이 안되는 건 아니니 애매합니다 근데 휴대성도 좋고..좋아여
평점5,"작동 잘 됩니다
좋은 가격에 구매했고,
키보드에 펜 수납이 가능해서 휴대에 용이합니다.
노트북보다 조금 아쉽고 태블릿보가 조금 아쉽지만,
반대로 노트북보다 쓰임새가 많고 태블릿은 못 쓰는 윈도우 쓸 수 있어서 좋습니다."
평점5,우선 배송도빠르고 뽑기를 잘 못해서 지지직거라는 증상이 있었는데 다행히 새 상품으로 교체 해주셔서 잘 사용하고 있습니다. 교환도 완전 빠르게 해줘서 만족합니다.
평점5,"어제 밤에 주문했는데.. 이른 오후에 받았네요. 빠른 배송 인상적이에요..
빠르고 편하고 만족스럽습니다.."
평점5,여자친구선물로 사주었는데 만족감이 크네요 너무 잘사용하고 있습니다 역시 윈도우 테블릿은 서피스!!
평점5,"반복 고민은 구매로 해결....^^"";
빠른 배송 만족합니다
개봉과 사용은 조만간에 올리도록하겠습니다.."
평점5,선물용이라 개봉은 못하지만 (2월5일쯤 개봉예정) 안전하게 잘온거같고 맘에들어요
평점5,어제 주문하고 오늘 받았어요! 기분 좋네요 :)
평점5,생각보다 발열없고 컴팩트하고 좋습니다
평점5,배송아주 빨라서 좋네요 마음에 듭니다
평점5,"MS서피스 만족합니다.
잘 쓰고있어요~"
평점5,"잘사용중입니다.
썬더볼트로 egpu연결해서 게임도 하고
외부에선 간단히 작업도하고.
사용성 정말 좋습니다."
평점5,"빠르고 안전한 배송으로 너무 좋았습니다.
포장도 잘해주셔서 재품애도 아무 문제 없었습니다."
평점3,배송이 빨라 좋아요
평점5,기존 서피스보다 다 빠르고 좋은 것 같아요. 가격도 프로모션으로 저렴하게 산 것 같아요.
평점5,서피스가 이만큼 좋아졌구나를 느꼈습니다 만족합니다
평점4,"배송 번개같이 완료됬고, 제품이랑 사은품 완벽합니다.
업데이트가 되는데 얼굴인식이 안되더군요...
나머지 업데이트를 완료하니 다시 문제없어졌습니다."
평점5,생각보다 무겁긴하지만 기능도 다양하고 태블릿처럼 사용할수 있어서 정말 좋았어요 그리고 디자인도 예뻐서 좋네요 램도 16기가라 빠르고 좋습니다
평점5,"고2 아들이 원하고 원하던 서피스프로 9를 드디어 샀네요.
비싸서 망설였는데 좋은 혜택에 좋은 가격에 구매해서 좋아요. 배송도 안전하게 잘 배달되었습니다.
성능 기능 디자인 다 맘에 드네요~^^"
평점5,블랙으로 키보드 맞춰서 구매했더니 너무 깔끔하고 좋은거같아요. 2in1은 처음 써봐서 적응기가 필요했었는데 익숙해지니까 세상편하네요
평점4,가볍고 디자인이 좋아요 세일때 사서 나름 저렴하게 구매한거 갘고요 근데 마우스 호환안되는 점 등이 불편. 노트북 가방도 따로사야하고
평점5,i7 모델 기준으로 상당히 괜찮은 가격에 구매하게 되어 기분이 좋네요. 오랫동안 눈여겨봐왔던 거라 만족합니다 오피스도 빨리 오길~
평점5,깔끔하구 좋습니다. 16인치 2kg 넘는 노트북 휴대하다가 이건 아닌 거 같아서 휴대용으로 질렀는데 만족해요! 발열은 좀 있는 거 같구 저널 어플도 처음 써봤는데 괜찮아요.
평점5,"아주 만족하면서 쓰고 있습니다.
노트북이라고 생각하면 이만한 것도 없죠
휴대성도 정말 좋아요.
윈도우 사용할 수 있는점이 가장 장점임."
평점5,"너무 만족해요! 이쁘고 성능도 좋고 무엇보다 참 편리해여! 딱제가 원하던 그런 아이에요.
오래 쓸것같아요!"
평점5,"기대했던만큼 제품 퀄리티 자체가 너무 맘에 드네요
펜은 아이패드 처럼 빠른 반응은 아니지만 쓸만합니다.

키보드는 다른 노트북 키보드보다 쫀득하니 맘에 듭니다~!

."
평점5,너무만족스럽습니다.터치도 잘되고 휴대성도 좋구요.ㅎ
평점5,"24시간도 안걸리는 빠른 배송! 정말 만족합니다!
그리고 명불허전 서피스 성능 완성도 만족하고요.
서피스 같이 2in1 컨셉의 제품이 필요하신 분은 대체할 제품이 없는 것 같습니다. 서피스 응원합니다!"
평점5,"배송이 빠르고 안전하게 포장해 주셔서 감사합니다. 업무용으로 쓰기에 충분한 성능에, 휴대성 좋고, 디자인이 마음에 들어요."
평점5,가볍고 휴대성이 매우 좋음에도 성능도 좋습니다. 휴대성을 중시 여기는 분께는 최고의 노트북입니다!!
평점5,"노트북과 태블릿 모두 필요해서 구매했습니다. 윈도우 기반에서 문서 작업도 할 수 있고, 펜으로 필기도 할 수 있어서 아주 유용합니다."
평점5,제품이야 말해뭐해요. 완벽하죠. 배송도 잘 왔고.. 좋네요
평점5,스타벅스에서 서피스 프로9 사용 가능해요!!
평점5,"빠르게 잘 받았습니다.
서피스 프로9의 키스킨은 7 이전 버전과도 호환이 됩니다."
평점5,빠른배송에 기기도 문제 없이 좋네요
평점5,"아름답습니다 ㅎㅎ
꼭 사세요 ㅎ"
평점5,노트북과 탭의 중간으로 애매하긴한데 애매해서 관찮은것도 있네요 ㅎㅎ
평점5,최저가에 잘 주문했어요
평점5,나이스한 마감과 퀄 그리고 가격 이가격에 이것을 못얻는다면 후회 작살
평점5,배송도 빠르고 좋네요
평점5,이쁘고 영롱하네요.
평점5,"잘 활용해 볼 생각 입니다.
기기는 활용하기 나름이겠죠ㅋ"
평점5,"서핑 오피스 작업 롤 성능적으로 매우 만족해요

토트백에 딱 맞게 들어가서 휴대하기도 편하고

카페에서 업무용으로도 좋아요

다 좋은데 구매 후 한달만에 가격이 내려서 너무

박탈감 드네여…"
평점5,배송도 정말 빨리 왔고 상품도 기대했던 것 만큼 좋습니다~ 뭔가 세컨 노트북 느낌으로 가지고 싶어 구매했는데 그대로 충족된 것 같아요. 기동성 면에서 패드 수준으로 만족이 되고 성능면에서도 부족하지 않습니다!
평점4,"surface connect가 15v 4A 인게 아쉬워요
PD 충전은 포트가 2개 뿐이고 자석이 아니다보니 전용 충전단자를 쓰고 싶은데
정품 충전기는 너무 크고 그 외에는 아직 마음에 듭니다!"
평점4,"좋아요 만족하고 쓰고 있어요. 다만 2달 됐는데, c단자가 고장나서.....리퍼 제품으로 as 신청해야 하나 고민중.."
평점3,"좋아요.

그런데, 데스크탑용 구글드라이브, 네이버 BOX등이 설치가 안됩니다.
One Drive만 가능하니 평소 구글 사용자는 효용성이 떨어집니다."
평점5,일단 휴대성 하나는 끝내줍니다 게임 할것만 아니면 최고에요 그래도 크기가 있어서 침대에 누워서 쓰긴 어려워요 ㅋㅋㅋ
평점5,배송도 빨랐고 기존의 서피스프로7 제품을 사용하고 있던 중에 9로 넘어왔습니다. 마감에 대한 퀄리티도 매우 만족스럽고 성능도 테스트 해본 결과 매우 만족스럽네요.
평점5,"아직. 미상태이긴하지만 디자인깔끔하고 인강이랑 웹서핑하는데는 충분할거같습니다
그리고 가벼워서 휴대용이라서 좋습니다"
평점5,만족스럽습니다. 고급깔끔! ㅎㅎ C타입도 두개 PD충전도 가능! 기본충전기가 망가진다고해도 걱정이 없네요~
평점5,"셀룰러 사려다가 이벤트로 20퍼센트 할인 하길래
바로 질러 버렸습니다~~~^^;;

일단 배송 너무 빨랐구요...
기기도 흠 없이 잘왔네요
윈도우 테블릿
있습니다
고민 마시고 그냥 지르세용...."
평점5,빠른 배송 좋아요 서피스 프로 4 7년동안쓰다가 행사해서 바꿨는데 역시 좋네요
평점5,사무용으로 쓸라고 샀는데 엄청 좋네요!아직 적응중이지만 휴대성도 좋아여
평점5,"사용하면 할수록 만족감이 좋습니다_!!
킥스탠드는 진짜 완성도가 높네요~!"
평점5,"휴대성이 뛰어나고 (체감 무게가 1키로 이하)
활용도가 높아서 너무 만족스럽습니다.
네이버 마이크로소프트 전문관 통해 구매 했는데 이벤트로 할인가로 구매하게 되어서 너무 좋네요 ㅎㅎ"
평점5,반응속도도빠르고 가볍고 편리해요~~ 큰돈들인건데 만족합니다!
평점5,약간의 발열은 있지만 만족합니다 앞으로 또 이용할게요 ㅎㅎ
평점5,"최신 제품이라 좋아요.
윈도루11프로 가 아닌점이 아쉽네요."
평점5,제가 원하는 기능과 스펙으로 너무 만족스러운 구매입니다. 사무용으로 사용하기에 필기와 터치가 너무 좋네요^^
평점5,사이즈도 이동하기 편하고 생산성 굿. 펜 수납까지 완벽
평점5,너무 갖고 싶었던 제품인데 너무 비싸서 고민만하다가 이번 혜택가에 기회에 질렀습니다 감사합니다 잘쓸게요
평점5,화면도 깨끗하고 성능도 생각보다 좋습니다. 스피커 소리가 일반 노트북보다 훨씬 좋네요.
평점5,아주맘에듭니다. egpu까지 연결하니 데탑부럽지않아요
평점5,넘맘에들어요! ㅎㅎ 가볍고 예쁘고 실용적입니다~
평점5,"지금껏 3~4개의 노트북을 사용했었는데 생산성 최고네요
배터리도 마음에들고 휴대성도 좋고 최고네요 펜도 잘되고 좋습다"
평점5,너무만족합니다 할인기간에 사서 더좋네요
평점4,"휴대성과 배터리, 키보드와 펜은 사용할수록 만족스럽네요.
테블릿으로는 만족스럽습니다.
다만 노트북 정도의 성능을 기대하기는 어렵습니다."
평점5,배송이 참 빠릅니다. 저렴하게 구입해서 좋습니다. 검은색의 뒷면이 고급스럽게 보여서 마음에 듭니다
평점5,디자인 깔끔하고 너무 만족스러워요~^^
평점5,만족해요 무게도 가볍고 이뻐요
평점5,상품좋습니다 사용성도 좋아요
평점5,너무 맘에 들어요! 서피스 최고
평점5,휴대성이 간편해서 좋습니다.
평점5,사용하기 편해서 좋아요.
평점5,만족합니다. 번창하세요.
평점5,슬림하니 가볍고 좋네요
평점5,"아주아주 좋습니다!!
인터넷도 잘되고 개발프로그램도 잘돌아가요~"
평점5,저렴하게 잘 샀어요
평점5,너무 좋아요 대만족
평점5,"이벤트덕에 저렴하게 잘 구입했습니다!
배송도 보장이라 다음날 바로 받았어요. 근데 아직 보호필름은 아와서 애지중지 하느라 만지질 못하고있네요 ㅎㅎ
외관 깔끔하고 하자없이 잘 작동합니다!"
평점5,"좋아요. 하지만 밧데리가 너무 아쉽네요....
물론 태블릿은 아니니 그렇다 하지만 그래도 아쉬움은 무지 남네요..."
평점5,"최애하던 놋북이자 태블릿입니다. 필기감도 좋고 화질, 음향도 좋아요. 인생 놋북이 될 듯!!"
평점5,가벼운 노트북으로 보면 정말 최고의 제품입니다. 태블릿으로는 잘 모르겠지만 노트북으로 가지고 다니기에 사이즈가 딱이에요
평점5,배송이 아주 빠르고 디자인도 성능도 아주 좋습니다 ^^
평점5,너무너무 좋아요 가볍고 올해최고의소비
평점5,배송도 빠르고 프로 속도도 빨라서 좋아요~ 감사합니다~
평점5,빠른배송 감사합니다 c타입 pd충전도되네요. 45w정도
평점5,잘쓰겠습니다 감사합니다.
평점5,"잘쓰겠습니다.
감사합니다"
평점5,너무 너무 이쁘고 좋네요
평점5,"늘 잘쓰고 있습니다.
후회없습니다"
평점5,만족합니다 성능이 훌륭합니다
평점5,"만족합니다
감사합니다"
평점5,만족합니다 감사합니다
평점5,좋습니다 너무 좋습니다. 배송이 생각보다 빠릅니다. 질 쓰겠습니다.
평점5,"노트북 교체 시기가 되어 한참을 고민하던 중에 서피스 프로의 존재를 리콜해 내고서 세부 사양 체크 하던 중에 너무 좋은 가격의 등장에 뒤도 돌아보지 않고 구매.
이동성과 HTS 활용 등등 내게 딱 필요한 조건이 다 완벽하였음."
평점5,"서피스 프로4에서 9로 넘어왔습니다.

어디서든 필요한 작업을 하기에는 윈도우 환경이 제일 좋더라구요. 아직 기능을 다 알진 못했지만,
또 이친구로 오래토록 이용하고자 합니다.

감사합니다 : )"
평점4,"배터리 용량이 작다보니 관리하면서 써야되는게 아쉽긴 하지만, 대신 무게가 가벼운 편이어서 나름 잘 사용하고 있네요. :)"
평점5,"평소 i7과 i5가 얼마나 차이가 나겠냐고 생각한 사람인데 차이가 꽤납니다 ^^;
정말 쾌적하고, 화면 쨍하고 스피커 짱짱하고, 가볍고... 가격만이 걸렸었는데 쓰면 쓸수록 마음에 드는 제품입니다 ^^"
평점5,"작고 가벼워서 편하게 잘 사용하고 있습니다.
생각보다 발열이 있어서 불편한 감은 있네욯..
펜은 아이패드 보다는 덜 하지만 간단한 필기하기는 좋습니당!"
평점5,요즘 회사에서 종이 사용을 하지 않게 되면서 회의때 펜으로 필기할수 있어서 활용도가 너무 좋은거 같네요
평점5,"엄청 이쁘고 가볍고 성능도 좋아요!
노트북 안사고 이거 사길 잘한듯요!
서피스는 검정색이고 키보드랑 마우스는 사파이어에요."
평점5,엄마 선물로 드렸는데 너무 좋아하셨어요! 빠르고 엄마가 취미로 배우시는 어도비 프로그램들 사용에 적합하고ㅎㅎ 좋습니당
평점4,"늘 서피스 제품만 사용해서 이번이 오랜만에 구매 했어요
프로4 사용하다 넘어 와서 성능은 좋아요. 윈더우 기반 2in1은 이만한 제품이 없어오"
평점5,미국 출장을 가며 노트북과 테블릿PC를 두개 다 가져가기는 무거워서 구매했는데 좋아요
평점5,"잘 사용해보겠습니다
생각보다 화면이 작아 해상도 높여 쓰기가 어려운데 적응해봐야죠"
평점5,디자인은 처음 부터 지금까지 너무 만족하고 있고 성능은 업무 목적으론 과하다 못해 넘쳐서 잘 사용하고 있습니다!
평점5,"태블릿처럼 류대가 쉽거, 운영체제가 윈도우라서 일석이조에요, 필기하기에도 좋아요"
평점4,"이전 모델에서 발생했던 어댑터 부위 문제 배터리 누스 문제 같은게 많이 개선이 되었네요
사용하기 좋아요"
평점5,예상보다 무게는 조금 있지만 태블릿도 필요하고 노트북도 필요해서 한큐에 해결했어요! 맘에 들어욯ㅎ
평점5,투인원이라 제가 사용하려는 용도에 잘 맞아요. 문서작업할때 편하고 좋아서 서피스 프로만 사용합니다
평점4,"귀여워요
윈도우 오랜만에 쓰는 게 조금 불편하지만 제품 자체는 왕 간지"
평점5,무게도 가볍고 키패드가 포함되어 다양한 곳에서 사용하기 편리합니다
평점5,노트북과 테블릿을 하나의 기기로 사용할수 있어서 너부 편리하네요
평점4,해외 여행에서 업무를 볼때 가볍게 오피스 사용할 수 있어서 좋네요
평점5,"노트북 대신에 간편하게 현장에서 메뉴얼 확인하고, 엑셀로 데이터 정리하는데 사용하고 있습니다. 매우 만족합니다!!!"
평점5,기존에 타사노트북쓰다가 이번에 서피스로 바꿨는데 너무 좋아요
평점5,이제 막 사용중이긴하지만 너무 좋고 특히 빠른 배송이 좋습니다.
평점5,서피스는 예전 학생때부터 사용했었는데 늘 만족스럽습니다.
평점5,학업용으로는 아이패드와 함께 가장 좋은 선택인것 같습니다
평점5,"사무용으로 라쥬 잘쓰고 있어요~
서피스독까지 해서 쓰는데 랩탑 대용도 구능해서 아주 좋아요"
평점5,매우 만족합니다. 갤럭시 휴대폰과 연동이 정말 편하네요!!
평점5,업무의 확장성 면에서 너무 증대된거 같아 만족스럽습니다
평점5,너무 맘에 들고 계속 사고 싶었던 건데 싸게 사서 좋아요 ^^
평점5,"너무 좋아요^^
빨리 받았고 모든 구성품이 잘 도착했습니다"
평점5,마음에 들어요 제가 사용하고자 하는 용도랑 딱 맞습니다
평점5,"잘 쓰고 있습니다. 예쁜 디자인, 최상의 휴대성 등 더할 나위 없네요. 만족합니다. 오래쓸 수 있길"
평점5,어제 저녁에 시켯는데 오늘 냅다와서 기분이 너무 좋음
평점5,생각한데로 사용하기 편하고 키보드도 인식이 빨라요
평점5,처음에 제품하자가 있어 교환받았고 잘 작동합니다.
평점5,와 제품 너무 활용도 디자인 배송 모두 훌륭합니다!!
평점5,서피스6 사용하다 새로구입했네요 만족스럽습니다.
평점5,프로 7에서 업그레이드 했는데 싸게 잘 산거 같아요
평점5,무거운 구형노트북쓰다 할인행사해서 질렀습니다
평점5,완성도가 좋네요. 서피스프로5 쓰다가 넘어옵니다.
평점5,가볍고 성능도 만족스럽습니다. 필기도 잘되네요
평점5,"특가에 구매해서 너무 좋아요~
배송도 특급이네요"
평점5,스피커 성능이 생각했던 것보다 좋아서 놀랬어요
평점5,너무 예쁘고 저렴하게 산거같아서 만족스러워요
평점5,"배송 및 전체적으로 추천합니다.
슬림펜2. 좋아요"
평점5,"저녁주문하고 익일 오후배송되었습니다
PC속도도 빠르고 외관이 견고해요
가격도 매우 저렴하게 구매했습니다
잘 사용하겟습니다"
평점5,기존 아이패드를 사용하다가 사용했는데 보다 더 섬세하게 작동해서 너무 좋습니다 ^^
평점5,"추가주문했던 마이크로 오피스는
아직 배송 못 받았지만

서피스프로9 및 키보드는 잘 받았습니다
아직 몇번 사용 안했지만, 비싼만큼 만족도는
좋은것 같습니다"
평점4,싸게 잘 산 것 같아요 더 써보고 후기 남길게요
평점5,1달 동안 사용 해본결과 사무용으로는 좋아요.
평점5,펜까지 들어있는데 저렴하게 구입하고 좋네요
평점5,이뻐요 프로4 사용하다가 교체 했는데 좋네요
평점4,배송이 빨라요. 키보드와 펜도 만족스럽네요~
평점5,타 싸이트보다 싸게 잘샀네요 잘 작동됩니다
평점5,"아주 만족스럽습니다
발열은 어쩔 수 없네요"
평점5,처음 써보는데 디자인 좋고 잘 돌아가네요.
평점5,제품 받는데 오래걸리긴했지만 만족합니다
평점5,가성비 최고의 서피스 프로9 잘 쓰겠습니다
평점5,문서 작업에 끝판왕 아이패드 보다 편하다
평점5,"휴대성과 펜으로 정말 괜찮습니다.
사거 싶었지만 가격 때문에 못사다가 이번기회에 일시불 질렀습니다"
평점5,잘 쓰고 있습니다. 윈도우 태블릿 좋아요.
평점5,노트북 타블릿 두가지기능에 만족합니다
평점5,좋네요. 이번에도 실망시키지 않습니다.
평점5,상품도 좋고 배송도 무지 빨라 좋아요!!!
평점5,u프로세서가 특히 여전히 마음에 듭니다
평점5,배송도 빠르고 포장도 깔끔하고 좋아요~
평점5,이벤트가로 저렴하게 잘 구매했어요!!
평점5,이뻐요. 배송도빠르고 정확하네요.!!!
평점5,기대이상으로 잘 사용하고 있습니다.
평점5,진짜 맘에 들어요 초강력 추천합니다
평점5,"필름이랑 같이 주문했는데 필름만 당일배송이고 서피스는 다음날 배송되었어요. 안전하게 잘 왔어요.
서피스 고2 잘 쓰다가 프로9로 기변했습니다.
나란히 놓으니까 이쁘네요..
성능 체감이 좀 나겠지요? 기대됩니다."
평점5,서피스프로4 쓰다 바꿨는데 좋아요
평점5,만족스럽게 잘 사용하고 있습니다.
평점5,태블릿으로 사용할수 있어 좋네요
평점5,선물용으로 샀는데 기대가 됩니다
평점5,받은지 2일째 !! 가벼워서 좋아용~~
평점5,고민하다 구매했는데 만족도최상
평점5,"좋은 가격으로 구매했습니다.
지난 이벤트 놓쳐서 아쉬었는데 이번엔 질렀네요 ㅋ
""서피스 + 키보드 + 슬림펜2 + 오피스365""
잘 사용하겠습니다."
평점5,배송도 빠르고 상품도 좋습니다.
평점5,너무 만족하고잘쓰고있습니다ㅎ
평점5,솔직하게는 가격에 비하면 아쉽지만 활용도로 생각하면 완전 만족입니다^^
평점5,배송도 빠르고 매우 만족합니다
평점5,굿 이정도 구성 이면 아주 만족~
평점5,좋은제품 저령하게 잘 샀어요^^
평점5,바로 다음날 오네요. 완전 만족
평점5,저렴하게 사서 잘 쓰고 있어요
평점5,생각보다 빠르네요 좋습니다.
평점5,디자인 품질 모두 만족합니다
평점5,익숙하진 않지만 잘써볼게요.
평점5,저렴하게 잘 구입하였습니다.
평점4,생각보다 열이 많이 나네요...
평점5,"선물로 사줬는데 동생도
좋아하고 너무 만족스러운 선물이 되었습니다^^"
평점5,아직 사용전인데 만족합니다
평점5,너무 갖고싶던친구 잘쓸게요
평점5,너무만족하며 사용중입니다
평점5,잘 보내주셔서 감사합니다.
평점5,배송도 빠르고 만족합니다.
평점5,성능도 크기도 맘에 듭니다
평점5,서피스는.언제나 대만족 ㅋ
평점5,잘쓰고있어요~ 만족합니다!
평점5,저렴하게 잘 구입했습니다
평점5,감사합니다 늘 수고하세요
평점5,잘 받았습니다. 잘 쓸게요
평점5,최고의 2in1 노트북입니다.
평점5,졸업선물로 너무 좋네요^^
평점5,영롱합니다. 아주 좋아요!
평점5,서피스 프로 5에서 이번 세일기회에 프로 9으로 넘어왔는데 아주 좋네요
평점5,빠른 배송에 만족합니다.
평점5,쓰면 쓸수록 만족스러움
평점5,서피스 말도 필요없어요
평점5,너무만족하게 잘쓰는중
평점5,"서피스프로3에서 넘어왔습니다
윈도우 11 적응에 시간이 좀 걸리긴하지만 저렴하게 잘 샀습니다
서피스병은 못 고쳐요 ㅠ"
평점5,정말 좋네요 또 살게요
평점5,매우 만족스럽습니다~~
평점5,정말 좋아요 또 살게요
평점5,가격 성능 모두 좋아요
평점4,아이패드를 가볍게 눌러주는 성능 부족함이 없는 성능을 보여주네요.
평점5,빠른 발송 만족합니다
평점5,가벼워서 맘에 듭니다
평점5,"서피스는 사랑입니다 항상 잘 사용하고 있습니다
이번거는 더 좋네요"
평점5,아주 마음에 듭니다.
평점5,성능 정말 좋습니다
평점5,너무 마음에 들어요
평점5,"여러가지 혜택으로 괜찮은 가격에 잘 구매했습니다
만족합니다"
평점5,"가족 수대로 구매하고, 같은 일을 하는 친척과 지인에게 추천도 하고 선물도 했습니다.
매우 만족 스럽습니다."
평점5,"제품의 완성도 및 활용도가 무척 높습니다
2번째 구매입니다"
평점5,"이번에 행사로 저렴하게 구매하였습니다 기존노트북이 들고 다니면서 쓰기 불편해서
이번에 구매하였는데 아주 좋네요"
평점5,서브로 활용하고자 샀어요 속도도 디자인도 다 만에들어요
평점5,보기만해도 가슴이 두근두근 하네요 잘써보겠습니다
평점4,"잘 가동되며 터치가 잘 되었습니다.
하드가 분할되어 있었으며 더 좋아겠습니다."
평점5,배송이 너무 빠르고 안전하게 잘왔습니다 너무 좋아요 !
평점5,"휴대성이 좋아요
윈도우 os로 인한 장점이 큰 것 같아요"
평점5,예전에 서피스 쓰다가 다른 제품 썼었는데 저한테는 역시 서피스가 최고네요.
평점4,약간 무겁습니다만 스펙과 디자인이 훌륭합니다~~
평점5,"여전히 잘 사용중입니다
후회 없습니다!
강력한 PC!"
평점5,태블릿을 살지 노트북 살지 고민하다가 구매 했어요
평점5,"도착 보장 제품으로 하루만에 배송 받고 사용 중입니다.
포장도 잘 돼서 왔고, 본체와 키보드, 펜 모두 양품이네요ㅎㅎ 사은품으로 받은 트래블 허브도 잘 쓰고 있습니다.
저렴한 가격에 좋은 제품 쓰게 되어 좋네요^^"
평점5,프로8 써보다가 좋아서 프로9도 구매했어요
평점5,남편이 사고 싶어서 고민중이었는데 마침 좋은 이벤트가 있어 구입했습니다 업무용으로 사용할거라 만족하고 있습니다
평점5,"명불허전 서피스프로입니다.
배송도 빨랐고 문의에도 친절하게 문의해주셔서 좋았어요!"
평점5,"어제밤 11시 50분에 구매했는데
다음날인 오늘 오후에 도착했네요
반나절택배네요 ㄷㄷㄷ
제품도 좋아요"
평점5,"문제 없이 잘 사용중입니다.
감사합니다."
평점5,두근두근 깔끔그자체..너무 좋으네요^^
평점5,"업무확장성이 너무 커졌습니다
재구매 의사있습니다"
평점5,배터리가 얼마 못가네요. 좀 아쉽네요.
평점5,아주 만족하고 잘 사용하고 있습니다.
평점5,서피스 처음 사용하는데 와 너무 좋아요 신세계입니다 ㅎㅎ 앞으로 활용도를 높여야겠어요 굳입니다
평점5,"빠른배송 감사합니다
써보고후기"
평점5,친절하고 빠른 응대 감사합니다~
평점5,좋은 선물 되었네요 감사합니다
평점5,"너무 이쁘고 좋아요
휴대성 👍 👍"
평점5,"빠른배송
감사합니다 ~!!! ^_^"
평점5,빠른 배송 감사합니다.
평점5,아주 좋아요 굿이에요 굿이요
평점5,"빠른배송감사합니다.
제품 잘받아 잘 사용 하고 있습니다."
평점5,"만족합니다
좋습니다"
평점5,"서피스프로8에서 서피스프로9로 넘어가보았습니다.
잘 써보겠습니다!"
평점4,"할인 기간에 정가보다 저렴하게 제품살수 있어서 만족합니다. 가벼운 작업들 하기에는, 휴대에도 가볍고 편리해서 좋습니다."
평점5,화면은 생각보다 작네요. 아이패드 12.9 크기구요. 너무 예쁘고 좋아요
평점5,국내 노트북들이 비싸서 오히려 서피스 가격이 납득이가는 아이러니한 상황인데 솔직히 대체자는 없을것같고 멈추지말면서 8이나 9에서 보여준 발전 그 이상으로 나머지 시리즈가 나왔으면 좋겠다.
평점5,"아이패드 프로도 있어서 충동구매했나 후회도 잠깐 했지만
용도가 완전히 다릅니다
서피스프로는 윈도우11설치되어있고
가볍고 키보드 떼면 패드처럼 쓸 수 있어요
각자 사용 용도 생각해보시고 구매하시는데 참고하세요"
평점5,"태블릿과 노트북의 장점만을 모아놓은 제품입니다.
추후 플레이스토어 pc버전이 출시예정인데, 그거까지 적용되면 뮤조건 이것만 있어도될듯"
평점5,"프로그램 개발 할려고 샀는데 인텔리제이도 잘 돌아가네요.
아이패드 이제 안사고 서피스만 살거 같아요. 이게 진짜 테블릿이죠"
평점5,정말 잘 샀다는 생각만 듭니다 정말 윈도우 그 자체라 오피스 사용 및 휴대성 뭐 하나 빠지는게 없네요 그전에는 기타 xx패드 이런건 얼마 사용 안하다가 결국 중고행이었습니다 서피스는 저와 오래할 것 같습니다
평점5,"와.. 이 작은 패드용 노트북으로 포토샵, 일러스트, 프리미어까지 다 쓸 수 있을지는 몰랐네요. 진짜 신세계...."
평점5,확실히 이 가격으론 똑같은 기능이 다른제품들 40만원 할인가격에 구매 가능하지만.. 2in1의 기능을 최대화 하여 사용해보려 해봅니다...
평점5,"요즘 항상 회의 때마다 들고 다니면서 잘 사용하고 있습니다.
제가 마빠인게 자랑스럽네요."
평점4,"제품 마감도 좋고 괜찮은데 안드로이드 구동이 좀 어렵네요. 빨리 정식 프로그램이 나왔으면 좋겠네요.

전 검 검 입니다."
평점5,윈도우 기반에 가볍고 태블릿도 되어서 업무용으로 가지고 다니면서 잘 사용중입니다
평점4,색상 선택이 안돼서 아싀워요 안팔리는 색상만 내놓으셨나봅니다.. 업데이트 잘 안되는 점도.. 제가 잘 못하는건가
평점5,멤버쉽 할인 가격 보는 바람에 충동구매했습니다. 손에 쥐고는 후회없는 제품이네요
평점4,서피스 처음 사용하는데 무거운 점을 뺀다면 좋네요. 사무 업무용으로 좋습니다.
평점5,"구매 직전까지 5g모델을 살지 망설였습니다만, i7모델을 선택하기를 잘했다는 생각입니다. PC 2대를 운영하다가 모두 판매하고, 이 제품 하나로 모두 통합했습니다.

Ssd는 1Tb로 업그레이드 했습니다."
평점5,좋은 가격에 잘 구입했습니다. 키보드커버랑 펜슬까지 있어서 좋네요
평점5,직원 외근용으로 주문하고 사용 중입니다. 베터리 사용 시간은 준수하며 가벼워서 좋다고 하네요.
평점5,아직 사용은 못해봤는데 포장이나 배송 모두 만족스럽습니다.
평점5,너무 소중하여 보호필름 추가 구매 후 사용하고자 합니다....
평점5,서피스 덕에 잦은 출장 중에 요긴하게 사용하고 있습니다~
평점5,휴대성 업무능력 등 전천후 만능기기 느낌이 물씬나네요
평점4,"배송 빠릅니다.
터치팬은 인식이 잘 안되는것 같아요."
평점5,불량제품이 와서 교환했는데 잘 사용하고 있어요.
평점5,"완전 예쁘고 가볍네요
당일배송에 익일도착했어요"
평점5,유용하게 잘쓰도록할게요. 빠른 배송감사합니디.
평점5,윈도우즈 기반 비즈니스 태블릿으로 최강입니다.
평점5,선물을 했는데 필기가 되서 쓰기 좋다고 합니다.
평점5,"배송이 너무 빨라 좋고, 사용하는데 문제 없네요"
평점4,윈도우태블릿으로 퍼포먼스가 돈값은 하는군요
평점5,동생 선물해줬는데 잘 사용하고 있다고 합니다
평점5,일단 받았는데 잘 되는지 테스트 해봐야겠네요
평점4,가끔 뱅킹과 서브 pc용으로 사용하는데 좋네요
평점5,윈도우 태블릿 중엔 이거 말곤 대안이 없네요
평점5,두번째 구매하는데 배송 정말 빠르고 좋네요!
평점5,드디어 서피스 병을 나을 솔루션이 왔네요.
평점5,외근용으로 지급했는데 좋다고 하네요
평점5,정말 완벽한 재품이라는 말밖엔...ㅎㅎ
평점5,안전하고 빠르게 잘 배송되었습니다
평점5,주문 하고 바로 다음날 배송왔어요
평점4,서피스 사용성은 너무나 좋죠 ㅎㅎ
평점5,업무용으로 잘 사용하고있습니다
평점5,상당히 좋은 편입니다. 쓸만해요
평점5,아주 매우 잘 사용 하고 있디용
평점5,"발열, 배터리 시간 빼면 좋음"
평점4,좋은것 같네요 추천합니다 .
평점5,좋습니다. 후회하지 않아요.
평점4,이상없이 잘 사용중입니다.
평점5,하드웨어명가... 맛있다
평점5,배송 정말 빠릅니다~~^^
평점5,배송이 빠른 편입니다
평점5,오히려 가성비 노트북
평점5,잘 사용하고 있습니다
평점5,배송이 매우 빠릅니다
평점5,걍 나름 쓸만함 ㅇㅇ
평점5,올해 제일 잘한 소비
평점5,잘 쓰고 있습니다!
평점5,"좀 ㅇ무겁지만 잘 쓰고있어요ㅋㅋ 그런데 구매하고나니까 가격 훅훅 떨어지는거 맴찢.,"
평점5,잘사용하고 있습니다. 대채재가 없는 태블릿입니다.
평점5,"배송도 빠르고
출장이 많아
계속 살까말까 고민중이었는데
잘 선택한거 같아요"
평점5,"배송 빠르고, 중간에 문의사항이 있는데 빠른 답변도 좋습니다!"
평점5,얇고 예쁩니다. tdp 15w라 더 기대됩니다
평점5,너무 이쁩니다. 평소에 가지고 싶었던 서피스를 사게 되어 기쁩니다.
평점5,"노트북은
서피스죠 ㅎㅎ 빠른배송으로 잘 받았습니다"
평점5,"배송 정말 빠르네요!
제품은 말할 것 없이 좋습니다"
평점5,몇주를 벼르다가 질렀습니다.배송빠르네요
평점5,"이상없이 빠르게 배송되었습니다
주로 사무용으로 사용예정이라
오피스만 빨리 배송되면 바로 사용가능하겠어요
기대됩니다"
평점5,좋은것 같습니다 추천합니다 :)
평점5,빠른배송이에요 ㅎㅎ
평점5,상담도 너무 수월했고 친절하셔서 감사했습니다~ 좋은 물건 빠르게 잘받았습니다~
평점5,"빠르게 잘받았습니다
좋습니다"
평점5,"좋습니다
잘쓰고있습니다"
평점5,개 이뿜니다 ㅠㅠㅠ
평점5,"잘받았습니다
좋습니다"
평점5,"깔끔한 디자인에 컬러도 마음에 들고, 생각보다 배터리도 오래가 모바일로 쓰기에 정말 잘 샀다는 생각이 듭니다. 맥북과 함께하니 서로 보완해 좋은 생산성을 보여줄 것 같습니다."
평점5,"처음에는 가벼움과 고성능 두 마리 토끼를 잡을 수 있을까...라는 의문점 때문에 구입을 고민했었는데 이거 물건이네요.
가벼우면서 성능까지 좋네요...
다만 두마리 토끼를 잡았으니 만족하지만, 발열은 조금 있는 편입니다."
평점5,매우 만족하며 사용중입니다. 원도우 기반으로 업무보시는 분들에게는 최고의 선택일듯.. 단점이 없어요ㅎ
평점5,"2 in 1 노트북으로서 그 기능은 정말 출중합니다. 휴대성도 뛰어나고요, 1달 넘게 쓰면서 대만족 중입니다."
평점5,저렴하게 잘 산것같아요 성능도 좋고 가벼워서 더 좋네요 추천합니다
평점5,좋은 제품 합리적인 가격에 구매할 수 있어 정말 만족합니다.
평점5,"저렴한가격에 잘산거 같아요
아주 만족하게 쓰고있습니다~"
평점5,"큰맘먹고 질렀다
만족한다
열심히 사용해서 오래오래 쓸 작정이다
디자인부터 다 맘에든다"
평점5,"배송도 빠르고 물건도 맘에 쏙 드네요~^^
잘 쓸께요"
평점5,특별행사 통해 저렴하게 구입했어요. 감사합니다.
평점5,"생각보다 좋네요, 좀 비싸긴 하지만 만족합니다."
평점5,사용에 문제도 없고~ 속도도빠르고 만족합니다~
평점5,기기하나로 태블릿역할도하고 노트북역할도 가능해서 너무 잘쓰고잇어요. 디자인부터 다 맘에 드네요
평점3,휴대하기 좋고 갠적으로 디자인 좋아요..
평점5,휴대성도 좋고 화질도 만족스럽습니다.
평점5,배송도 빠르고 저렴하게 잘샀어요~
평점5,"역시나 이동성 최고입니다.

표현하자면 세컨카 사고 즐기는거죠!

단 한제품을 위해서라면 망설이시고

재미를 위해서라면 !"
평점5,휴대성 디자인 모두 맘에드네요!
평점5,너무 만족합니다..굿굿 추천!!!
평점5,좋아요 적극 추천드려요
평점5,감사합니다 맘에들어요.
평점5,감사합니다 잘 쓸게요
평점5,아주아주 대 만족입니다~ 쿨링팬은 돌아갑니다~ 하지만 전 거슬리지는 않아요
평점5,"우선 배송이 빨라서 좋고, 휴대하기도 사용하기도 편하고 좋네요~"
평점5,"할인많이해서 구매하게되었어요
빠른배송 감사합니다"
평점5,좋은가격에 잘샀습니다. 감사합니다.
평점5,"가볍고, 빠릅니다. 터치감도 좋습니다."
평점5,"빠른배송감사합니다.
제품 정말 좋아요~~"
평점5,배송이 빠르고 제품 좋아요 감사합니다
평점5,"품절되었다고해서
당황했었는데
다행이 날짜에 맞추어서 배송 해주어서
기분좋게 사용되었습니다
빠른 배송 감사드립니다 ^^"
평점5,ㄳ욤감사합니다최고에용
평점5,역시 이거 사길 잘한것 같습니다! 저렴하게 잘 샀습니다
평점3,감사합니다 배송빠르고 친절해요 잘쓸게요
평점5,좋아요 잘 작동합니다 터치도 돼서 좋아요
평점5,리뷰 엄청 찾아보고 고민 많이 했는데 사기 잘했어요 탄탄하고 영롱하고 왜 충성고객이 많은지 알겠더라구요 나중에 몇년 지나고 서피스 시리즈 재구매 할거 같아요
평점5,"현시점 2in1 태블릿의 최고 사양 아니겠습니까, 마감도 훌륭하고 성능도 꽤 만족스러워요. 무게는 같은 크기의 태블릿보다 좀 무거운 느낌이 있어요."
평점5,"딸 대학입학 선물로 구입했습니다.
네이버 특별할인 모델로 블랙 한가지색 뿐이지만, 20프로 할인에 키보드에펜까지 서비스로 받아서, 상위모델을 하위로 모델로 구입할수 있었습니다.
가벼운 올인원 모델로는 최고인듯합니다"
평점5,"배송은 이틀만에 받았구요 대학생 선물용으로 구입했어요
필기감도 좋고 아주 만족해 합니다^^"
평점5,8년만에 구매한 노트북인데 기술의 발전이 직접적으로 와닿는 느낌이라 너무 좋습니다.
평점5,"업무용으로 구매했습니다. 무게, 디자인, 편리성 등 모두 만족스러워요."
평점5,프로 6 쓰다가 타입커버 고장난김에 새롭게 구매했습니다. 최종 진화형태가 아닐까 싶을정도로 아주 만족스럽습니다
평점5,서피스 프로 처음 구매해보는데 생각보다 훨씬 마음에 듭니다.
평점5,윈도우 태블릿 처음 사용하는데 정말 괜찮네요. 추천합니다
평점5,생각보다 빠릿하게 반응하고 간단한 작업하기에 좋습니다.
평점5,13인치의 묵지함을 제외하면 저렴하게 잘구매한거 같네요
평점5,기본적인 구성이 너무 좋고 os가 윈도우라 편합니다.
평점5,가격도 저렴하게 구매했고 가성비 있는 제품이네요
평점5,배송 빠르고 저렴한 가격에 매우 만족 ㅏㅎㅂ니다
평점5,안사고 기다리기 잘 한거 같아요. 최고 입니다 !!
평점5,가격이 좀 비싸지만 태블릿+노트북 용으로 만족
평점5,진짜 너무 좋아요! 가볍고 빠르고 필기 잘돼요.
평점5,아주 좋습니다. 제가 일하는 환경에 적합해요
평점5,가볍고 좋습니다. 원하던 제품을 구매했어요.
평점5,성능 디자인 모두 만족시켜주는 제품입니다.
평점5,스피커가 좀 불안정하긴하지만 만족합니다
평점5,빠른 배송 좋은 가격 및 품질 만족합니다..
평점5,윈도우에 대한 휴대성은 단연 최고입니다.
평점5,속도 매우 빠르고 스피커 정말 좋습니다.
평점4,아직 실사용을 안해봤지만 좋아보입니다
평점5,제품도 좋고 배송도 빠르고 만족합니다.
평점5,구매를 만족하며 잘 사용하고 있습니다.
평점5,너무 만족해하면서 사용하고 있습니다~
평점5,배송도 빠르고 상품도 간지가 나네요.
평점5,잘 산 것 같아요 아주 만족스럽습니다
평점5,역시 믿을만하고 휴대성이 좋습니다.
평점5,"좋은가격으로 잘샀메요
감사합니다."
평점5,배송도 빠르고 역시 좋아요 서피스
평점5,도착보장 상품이라 그런가 익일 오전에 배송완료가 되어서 놀랐네요. 빠짐없이 안전하게 배송되었습니다. 이제 막 처음 설정까지만 해본 상태라 더 봐야겠지만 지금까진 아주 만족스럽습니다.
평점5,예상했던대로 깔끔하고 좋네요. ^^
평점5,최고임 2 in 1으로서는 손색이 없음
평점5,배송빠르고 좋은 상품 굿입니다.~
평점5,배송도 빠르고 제품도 좋아요^^
평점5,배송도 빠르고 제품도 괜찮네요~
평점5,성능도 좋고 빠른배송 좋습니다
평점5,가볍고 휴대용으로는 최고에요.
평점5,가볍고 작아 사용하기 편합니다
평점5,세일할때 득템해서 만족합니다!
평점5,서피스프로 깔끔하고 예쁘내요
평점5,아주 만족 하며 사용중입니다.
평점5,"잘 쓰고 있습니다
번창하세요"
평점5,배송도 빠르고 상품도 좋아요
평점5,잘 받았습니다 사용잘할께요!
평점5,휴대편리하고 잘쓰겠습니다.
평점5,좋은가격에 구매해서 좋아요
평점5,"가격,성능,배송. 최고입니다."
평점5,한마디로 정리: 너무 좋음!!!
평점4,제품은 좋습니다. 다만 필름의 특성상 붙이기가 쉽지 않은 데 제품별로 자세한 설명이 필요합니다
평점5,생각보다 무게감은 있어요
평점5,배송 빠르고 너무 좋네요
평점5,빠른배공 감사드립니다.
평점5,상태도 좋고 만족합니다.
평점5,싸게 잘 구매한거 같아요
평점5,배송이 빨라서 좋았어요
평점5,추천이에요 정말좋아요
평점5,배송빠르고 만족합니다
평점5,가볍고 빠르고 좋아요~
평점5,저렴하게 잘 샀습니다
평점5,빠르고 터치감 좋아요
평점5,아주 만족스럽습니다.
평점5,명불허전 최고의 기기
평점5,빠른배송 최고예요 ^^
평점3,노트북 잘쓰겠습니다
평점5,기대했는데 좋습니다
평점5,디자인이 너무이뻐요
평점5,너무좋아요ㅎ굳 따봉
평점5,아주 대 만족합니다.
평점5,들고다니기 좋아요.
평점5,배송빠르고 좋아요~
평점5,"저렴한 가격에 잘 구매했고요...사은품도 풍성하네요...
배송 정말 빠릅니다..."
평점5,"삼성만 쓰다가 처음 써봅니다.
역시 서피스 서피스 이유가 있었네요!"
평점5,사무용으로 좋습니다 태블릿이다보니 영상이나 점자책보기에도 좋습니다
평점5,"두번째구입입니다.
잘쓰겠습니다."
평점5,빠르게 배송해주셔서 감사합니다.
평점5,너무나도 만족스러운 제품입니다! 드디어받았어요 가격이 좀 있긴하지만 요긴하게 쓰겠습니다/ 아 특히 8때보다 발열이 덜함을 너무나 느낍니다 ㅋㅋㅋ
평점5,"서피스 본체랑 키보드, 슬림펜2 전부 잘 받았습니다. 배송도 빠르게 오고 서피스 이용해보니 아주 마음에 듭니다 ㅎㅎ"
평점5,"배송 빠르네요
잘 쓰겠습니다"
평점5,만족합니다. 갤패드보다 원격접속이 편리합니다.
평점5,잘받았습니다만족합니다
평점5,배송빠르고 조아요 조아
평점5,만족감 최고최고 댕빠름
평점5,만족합니다. 내돈내산 칭찬합니다.
평점5,"빠른 배송!
최고 옵션의 최저가 혜택 최고!!!"
평점4,만족스럽다11111
평점3,"서비스 센터가 없어서 불편하고, 상품도 오디오가 문제여서 한번 교체했고, 여러모로 적응하기 힘든 물건입니다"
평점3,아 괜히 삿어요 그냥 참을껄 할인 뽕+지름신 강림 해서 삿는데 환불 받고싶은 충동이 가끔 일어 나네요
평점5,빠른 배송과 제품의 파손 방지를 위한 에오포켓 등... 그리고 물건을 받아 본 순간 매우 흥분되었어요.
평점3,"영상이나 음악 재생 시 지지직 거리는 게 중간 중간 있어요, 한번 바꿨는데도 또 그러네요.. 일단은 크게 지장 없어서 써봅니다.."
평점5,서피스 프로 7 플러스에서 넘어와서 차이 크겠나 싶었지만 차이가 꽤 느껴집니다 팬이 있는 모델이라 그런지 팬리스 모델에 비해 굉장히 빠릿합니다
평점3,아이패드나 맥북과 비교했을때 뭔가 만들다만 제품 같습니다 ms는 아직 멀었네요
평점1,게임 하실 분들은 사지 마세요 웬만한 게임 하나도 안돌아 갑니다 전부다 튕기고 난리도 아님 환불 받고 싶어요.
평점5,배송 빠르고 좋습니다. 쨍쨍하고 잘 돌아가네요. 슬슬 기기에 익숙해져 봐야죠
평점4,"배송은 광속인데, 포장용 쿠션이 별도로 구매한 키보드보다 부실하네요...."
평점5,매우 좋습니다. 서피스 프로 3 쓰다가 이번 버전 쓰니까 차이 많이 나네요
평점5,무게가 상대적으로 무겁지만 원하는 사양과 편의성은 다 갖추었습니다.
평점5,"서피스 프로4로 버티다 결국 바꿨습니다.
ipad pro 11, dell xps 13 로 외도했었지만 다양한 용도로 쓰기엔 역시 서피스 프로 만한게 없네요."
평점5,배송 빠르고 뭐니 해도 os 가 window 니까 적용성도 좋은것 같네요~
평점5,정말 사길 잘 했네요 여러모로 사용하는데 있어서 좋습니다.
평점5,태블릿이랑 노트북 둘 다 필요했는데 잘 산 것 같네요!
평점5,배터리 소모 속도가 조금 있지만 태블릿+노트북 원탑
평점5,어설픈 360 노트북보다 훨씬 낫네요 잘 쓰고 있습니다
평점5,배송 빠르고 이왕이면 보호필름 같이 주시면 좋을듯
평점5,고급지고 가볍고 출장갈때 매우 유용하게 사용할듯
평점5,"상품은 사진과 같아요
배송에 큰 점수를 줬습니다"
평점5,서피스7보다 훨씬 좋은 성능으로 차이많이납니다
평점5,서피스 프로4를 정말 오래도록 쓰다가 큰 맘 먹고 샀는데 하루만에 배송온 거 실화? 다른 노트북 중간에 사용해 봤는데 결국 서피스가 정답. 오래오래 같이 가자! 서피스는 사랑입니당
평점5,서피스 7 i5 8gb에서 넘어왔는데 좋네요 ㅎㅎ
평점5,"아주 잘 쓰고 있습니다.
더 말이 필요합니까?"
평점4,약간씩 쓰다보면 터치가 잘안될되도있어요
평점3,배송이 늦습니다. 구매시에는 다음날 도착으로 되어있어 구매했으나 도착까지 3일이상 걸렸습니다. 더구나 지방도 아니고 서울인데..
평점5,잘받앗습니다 내게 맛는 것이라 넘 조ㅡㅁ
평점5,배송 정말 빠르게 왔습니다 서피스 좋네요
평점3,스피커쪽에 작은 흠집이 있네요 -_-;;;;
평점5,일단 넘넘 빨라서 작업하기가 좋네요
평점5,배송도빠르고 대응도 잘해주시네요^^
평점5,정말 편하게 잘 사용하고 있어요.
평점5,배송도 빨랐고 잘 쓰고 있습니다.
평점5,한달지나서도 잘 쓰고 있습니다.
평점5,구매하고 금방 배송되었습니다
평점5,납품용이라 아직 안써봤어요~~
평점5,아주 잘 사용하고 있습니다.ㅋ
평점5,아주 잘 사용하고 있습니다.
평점5,오류 없이 정상작동합니다.
평점5,비싸지만 잘쓰고 있습니다
평점5,물건 잘 받았습니다. ㅋㅋ
평점5,좋은 물건 잘 받았습니다
평점5,안전하고 빠른배송~ 만족
평점5,잘쓰고 있습니다 좋네요
평점5,고급지고 안정적입니다.
평점5,HW명가 답게 깔끔합니다
평점5,잘 사용 하고 있습니다~
평점5,잘 작동하고 좋습니다.
평점5,배송빠르고 좋습니다.
평점5,대학생 아들이 좋아함
평점5,잘 받아서 쓰고있어요
평점5,생일선물 좋아합니다.
평점5,매우 마읍에 듭니다.
평점5,배송이 너무 빨라요
평점5,서피스병 치료 완료
평점5,잘 사용중 입니다...
평점5,배송 빠르고 좋네요
평점5,아주 잘 쓰고 있음
평점5,잘받았습니다~~~~
평점5,매우 빠른 배송~~
평점5,잘 받앗습니다~~~
평점5,빠른배송......
평점5,잘 쓰고 있습니다. 서피스병은 서피스를 구매해야만 낫는 무시무시한 질병이군요.
평점5,배송이 빨라 좋습니다. 전날 저녁때 할인률을 보고 바로 질렀습니다.
평점5,배송 빠르고 새상품으로 잘 왔습니다 ㅎㅎ
평점5,"잘받았습니다
배송이 빠릅니다"
평점5,배송 빠르네요 하루만에 받았어요
평점4,"Amazing product! High quality, superb performance, and excellent value for the price. Highly recommended!"
평점5,너무 훌륭합니다.직원이 좋아합니다 ㅋㅋ
평점5,"배송 굿 ~ 서비스 굿 ~ 배송 굿 ~ 서비스 굿 ~
배송 굿 ~ 서비스 굿 ~ 배송 굿 ~ 서비스 굿 ~"
